"Image URL","Image Title","Image Caption","Image Description","Image Alt Text","Image Featured","Attachment URL","Upload Image","Visa Category Description","Visa Category Background","Visa Link","home page news link","home page testimonial link","Testimonial Main Title","Testimonial Name","Testimonial Read More Link","Main heading","Box One Title","Box One Image","Box One Decription","Box Two Title","Box Two Image","Box Two Description","Box Three Title","Box three image","Box Three Description","Box Four Title","Box Four Image","Box four description","Box Five Title","Box Five Image","Box Five description","Box Six Title","Box Six Image","Box Six Description","Secondary TItle","Facebook Link","Twitter Link","Linkedin Link","Main Heading","Section Image","Sub Heading","Section Content_front_page","Section Extra Content","Section Link","Total amount","Country Main Title","Country First Title","Country First Content","Country Second Title","Country second Content","Country Bottom Content","First Box Image","First Box Title","First Box Content","First Box Link","Second Box Title","Second Box  Image","Second Box Content","Second Box Link","Third Box Title","Third Box Image","Third Box Content","Third Box Link","Fourth Box Title","Fourth Box Image","Fourth Box Content","Fourth Box Link","Fifth Box Title","Fifth Box Image","Fifth Box Content","Fifth Box Link","Six Box Title","Six Box Image","Six Box Content","Six Box Link","Contact Top Content","Contact form Title Right Side","Contact Info Tile","Contact Info Content","Branch office Title","Branch Ofiice Second Title","Branch office Content","Second Branch Office Title","Second Branch Office Sub Title","Second Branch Office Content","Offshore office Title","Offshore Office Second Title","Offshore Office Content","Upcoming Office Title","Upcoming Office Image 1","Upcoming Office  Image 2","Upcoming Office Image 3","Upcoming Office Image 4","Categories Title1","Categories Title Link1","Categories Title2","Categories Title Link2","Categories Title3","Categories Title Link3","Categories Title4","Categories Title Link4","Categories Title5","Categories Title Link5","Categories Title6","Categories Title Link6"
,,,,,,,,,,,,,,,,,,,,,,,,,,,,,,,,,,,,,,,,,,,,,,,,,,,,,,,,,,,,,,,,,,,,,,,,,,,,,,,,,,,,,,,,,,,,,,,,,,,,,,,,,
,,,,,,,,,,,,,,,,,,,,,,,,,,,,,,,,,,,,,,,,,,,,,,,,,,,,,,,,,,,,,,,,,,,,,,,,,,,,,,,,,,,,,,,,,,,,,,,,,,,,,,,,,
,,,,,,,,,,,,,,,,,,,,,,,,,,,,,,,,,,,,,,,,,,,,,,,,,,,,,,,,,,,,,,,,,,,,,,,,,,,,,,,,,,,,,,,,,,,,,,,,,,,,,,,,,
,,,,,,,,,,,,,,,,,,,,,,,,,,,,,,,,,,,,,,,,,,,,,,,,,,,,,,,,,,,,,,,,,,,,,,,,,,,,,,,,,,,,,,,,,,,,,,,,,,,,,,,,,
http://click-demo.com/immigrationxperts/wp-content/uploads/2016/06/blog-1.jpg|http://click-demo.com/immigrationxperts/wp-content/uploads/2016/06/blog-2.jpg,"blog-1|illuminated bulb","|a man pointing to the illuminated bulb",|,|,http://click-demo.com/immigrationxperts/wp-content/uploads/2016/06/blog-1.jpg,,,,,,,,,,,,,,,,,,,,,,,,,,,,,,,,,,,,,,,,,,,,,,,,,,,,,,,,,,,,,,,,,,,,,,,,,,,,,,,,,,,,,,,,,,,,,,,,,,,,
http://click-demo.com/immigrationxperts/wp-content/uploads/2016/06/img-australia.jpg|http://click-demo.com/immigrationxperts/wp-content/uploads/2016/06/blog-2-1.jpg,"img-australia|illuminated bulb","|a man pointing to the illuminated bulb",|,|,http://click-demo.com/immigrationxperts/wp-content/uploads/2016/06/img-australia.jpg,,,,,,,,,,,,,,,,,,,,,,,,,,,,,,,,,,,,,,,,,,,,,,,,,,,,,,,,,,,,,,,,,,,,,,,,,,,,,,,,,,,,,,,,,,,,,,,,,,,,
http://click-demo.com/immigrationxperts/wp-content/uploads/2016/06/blog-1.jpg,blog-1,,,,http://click-demo.com/immigrationxperts/wp-content/uploads/2016/06/blog-1.jpg,,,,,,,,,,,,,,,,,,,,,,,,,,,,,,,,,,,,,,,,,,,,,,,,,,,,,,,,,,,,,,,,,,,,,,,,,,,,,,,,,,,,,,,,,,,,,,,,,,,,
http://click-demo.com/immigrationxperts/wp-content/uploads/2016/06/blog-2.jpg,"illuminated bulb","a man pointing to the illuminated bulb",,,http://click-demo.com/immigrationxperts/wp-content/uploads/2016/06/blog-2.jpg,,,,,,,,,,,,,,,,,,,,,,,,,,,,,,,,,,,,,,,,,,,,,,,,,,,,,,,,,,,,,,,,,,,,,,,,,,,,,,,,,,,,,,,,,,,,,,,,,,,,
http://click-demo.com/immigrationxperts/wp-content/uploads/2016/06/TOEFL.jpg|http://click-demo.com/immigrationxperts/wp-content/uploads/2016/06/TOEFL-1.jpg,TOEFL|TOEFL,|,|,|,http://click-demo.com/immigrationxperts/wp-content/uploads/2016/06/TOEFL.jpg,,,,,,,,,,,,,,,,,,,,,,,,,,,,,,,,,,,,,,,,,,,,,,,,,,,,,,,,,,,,,,,,,,,,,,,,,,,,,,,,,,,,,,,,,,,,,,,,,,,,
http://click-demo.com/immigrationxperts/wp-content/uploads/2016/06/2013-07-19_181425_New-Adelaide-South-Australia-Branding-Logo.jpg,2013-07-19_181425_New-Adelaide-South-Australia-Branding-Logo,,,,http://click-demo.com/immigrationxperts/wp-content/uploads/2016/06/2013-07-19_181425_New-Adelaide-South-Australia-Branding-Logo.jpg,,,,,,,,,,,,,,,,,,,,,,,,,,,,,,,,,,,,,,,,,,,,,,,,,,,,,,,,,,,,,,,,,,,,,,,,,,,,,,,,,,,,,,,,,,,,,,,,,,,,
http://click-demo.com/immigrationxperts/wp-content/uploads/2016/06/cease.jpg,"dont do it!","Little white people that STOP you from doing the wrong",,,http://click-demo.com/immigrationxperts/wp-content/uploads/2016/06/cease.jpg,,,,,,,,,,,,,,,,,,,,,,,,,,,,,,,,,,,,,,,,,,,,,,,,,,,,,,,,,,,,,,,,,,,,,,,,,,,,,,,,,,,,,,,,,,,,,,,,,,,,
,,,,,,,,,,,,,,,,,,,,,,,,,,,,,,,,,,,,,,,,,,,,,,,,,,,,,,,,,,,,,,,,,,,,,,,,,,,,,,,,,,,,,,,,,,,,,,,,,,,,,,,,,
http://click-demo.com/immigrationxperts/wp-content/uploads/2016/06/2013-07-19_181425_New-Adelaide-South-Australia-Branding-Logo.jpg,2013-07-19_181425_New-Adelaide-South-Australia-Branding-Logo,,,,http://click-demo.com/immigrationxperts/wp-content/uploads/2016/06/2013-07-19_181425_New-Adelaide-South-Australia-Branding-Logo.jpg,,,,,,,,,,,,,,,,,,,,,,,,,,,,,,,,,,,,,,,,,,,,,,,,,,,,,,,,,,,,,,,,,,,,,,,,,,,,,,,,,,,,,,,,,,,,,,,,,,,,
http://click-demo.com/immigrationxperts/wp-content/uploads/2016/06/change-ahead.png,change-ahead,,,,http://click-demo.com/immigrationxperts/wp-content/uploads/2016/06/change-ahead.png,,,,,,,,,,,,,,,,,,,,,,,,,,,,,,,,,,,,,,,,,,,,,,,,,,,,,,,,,,,,,,,,,,,,,,,,,,,,,,,,,,,,,,,,,,,,,,,,,,,,
http://click-demo.com/immigrationxperts/wp-content/uploads/2016/06/Modi-In-Canada.jpg,Modi-In-Canada,,,,http://click-demo.com/immigrationxperts/wp-content/uploads/2016/06/Modi-In-Canada.jpg,,,,,,,,,,,,,,,,,,,,,,,,,,,,,,,,,,,,,,,,,,,,,,,,,,,,,,,,,,,,,,,,,,,,,,,,,,,,,,,,,,,,,,,,,,,,,,,,,,,,
http://click-demo.com/immigrationxperts/wp-content/uploads/2016/06/ImmigrationXperts.com_.jpg,ImmigrationXperts.com_,,,,http://click-demo.com/immigrationxperts/wp-content/uploads/2016/06/ImmigrationXperts.com_.jpg,,,,,,,,,,,,,,,,,,,,,,,,,,,,,,,,,,,,,,,,,,,,,,,,,,,,,,,,,,,,,,,,,,,,,,,,,,,,,,,,,,,,,,,,,,,,,,,,,,,,
http://click-demo.com/immigrationxperts/wp-content/uploads/2016/06/INDIA-MODI-MEET.jpg,INDIA-MODI-MEET,,,,http://click-demo.com/immigrationxperts/wp-content/uploads/2016/06/INDIA-MODI-MEET.jpg,,,,,,,,,,,,,,,,,,,,,,,,,,,,,,,,,,,,,,,,,,,,,,,,,,,,,,,,,,,,,,,,,,,,,,,,,,,,,,,,,,,,,,,,,,,,,,,,,,,,
http://click-demo.com/immigrationxperts/wp-content/uploads/2016/06/Xperts-Vibrant-Gujarat-Canada-2015.jpg,Xperts-Vibrant-Gujarat-Canada-2015,,,,http://click-demo.com/immigrationxperts/wp-content/uploads/2016/06/Xperts-Vibrant-Gujarat-Canada-2015.jpg,,,,,,,,,,,,,,,,,,,,,,,,,,,,,,,,,,,,,,,,,,,,,,,,,,,,,,,,,,,,,,,,,,,,,,,,,,,,,,,,,,,,,,,,,,,,,,,,,,,,
http://click-demo.com/immigrationxperts/wp-content/uploads/2016/06/Australia.jpg,Australia,,,,http://click-demo.com/immigrationxperts/wp-content/uploads/2016/06/Australia.jpg,,,,,,,,,,,,,,,,,,,,,,,,,,,,,,,,,,,,,,,,,,,,,,,,,,,,,,,,,,,,,,,,,,,,,,,,,,,,,,,,,,,,,,,,,,,,,,,,,,,,
,,,,,,,,,,,,,,,,,,,,,,,,,,,,,,,,,,,,,,,,,,,,,,,,,,,,,,,,,,,,,,,,,,,,,,,,,,,,,,,,,,,,,,,,,,,,,,,,,,,,,,,,,
http://click-demo.com/immigrationxperts/wp-content/uploads/2016/06/canada.png,canada,,,,http://click-demo.com/immigrationxperts/wp-content/uploads/2016/06/canada.png,,,,,,,,,,,,,,,,,,,,,,,,,,,,,,,,,,,,,,,,,,,,,,,,,,,,,,,,,,,,,,,,,,,,,,,,,,,,,,,,,,,,,,,,,,,,,,,,,,,,
,,,,,,,,,,,,,,,,,,,,,,,,,,,,,,,,,,,,,,,,,,,,,,,,,,,,,,,,,,,,,,,,,,,,,,,,,,,,,,,,,,,,,,,,,,,,,,,,,,,,,,,,,
,,,,,,,,,,,,,,,,,,,,,,,,,,,,,,,,,,,,,,,,,,,,,,,,,,,,,,,,,,,,,,,,,,,,,,,,,,,,,,,,,,,,,,,,,,,,,,,,,,,,,,,,,
http://click-demo.com/immigrationxperts/wp-content/uploads/2016/06/skilled-migration-program-300x152.jpg,skilled-migration-program-300x152,,,,http://click-demo.com/immigrationxperts/wp-content/uploads/2016/06/skilled-migration-program-300x152.jpg,,,,,,,,,,,,,,,,,,,,,,,,,,,,,,,,,,,,,,,,,,,,,,,,,,,,,,,,,,,,,,,,,,,,,,,,,,,,,,,,,,,,,,,,,,,,,,,,,,,,
http://click-demo.com/immigrationxperts/wp-content/uploads/2016/06/Bupa-150x150.jpg,Bupa-150x150,,,,http://click-demo.com/immigrationxperts/wp-content/uploads/2016/06/Bupa-150x150.jpg,,,,,,,,,,,,,,,,,,,,,,,,,,,,,,,,,,,,,,,,,,,,,,,,,,,,,,,,,,,,,,,,,,,,,,,,,,,,,,,,,,,,,,,,,,,,,,,,,,,,
http://click-demo.com/immigrationxperts/wp-content/uploads/2016/06/Migrating-To-Australia-300x175.png,Migrating-To-Australia-300x175,,,,http://click-demo.com/immigrationxperts/wp-content/uploads/2016/06/Migrating-To-Australia-300x175.png,,,,,,,,,,,,,,,,,,,,,,,,,,,,,,,,,,,,,,,,,,,,,,,,,,,,,,,,,,,,,,,,,,,,,,,,,,,,,,,,,,,,,,,,,,,,,,,,,,,,
http://click-demo.com/immigrationxperts/wp-content/uploads/2016/06/10-reasons-to-immigrate-to-australia-1-638.jpg,10-reasons-to-immigrate-to-australia-1-638,,,,http://click-demo.com/immigrationxperts/wp-content/uploads/2016/06/10-reasons-to-immigrate-to-australia-1-638.jpg,,,,,,,,,,,,,,,,,,,,,,,,,,,,,,,,,,,,,,,,,,,,,,,,,,,,,,,,,,,,,,,,,,,,,,,,,,,,,,,,,,,,,,,,,,,,,,,,,,,,
http://click-demo.com/immigrationxperts/wp-content/uploads/2016/06/SkilledWorkforce.jpg,SkilledWorkforce,,,,http://click-demo.com/immigrationxperts/wp-content/uploads/2016/06/SkilledWorkforce.jpg,,,,,,,,,,,,,,,,,,,,,,,,,,,,,,,,,,,,,,,,,,,,,,,,,,,,,,,,,,,,,,,,,,,,,,,,,,,,,,,,,,,,,,,,,,,,,,,,,,,,
http://click-demo.com/immigrationxperts/wp-content/uploads/2016/06/melbourne.jpg,melbourne,,,,http://click-demo.com/immigrationxperts/wp-content/uploads/2016/06/melbourne.jpg,,,,,,,,,,,,,,,,,,,,,,,,,,,,,,,,,,,,,,,,,,,,,,,,,,,,,,,,,,,,,,,,,,,,,,,,,,,,,,,,,,,,,,,,,,,,,,,,,,,,
http://click-demo.com/immigrationxperts/wp-content/uploads/2016/06/VEVO.jpg,VEVO,,,,http://click-demo.com/immigrationxperts/wp-content/uploads/2016/06/VEVO.jpg,,,,,,,,,,,,,,,,,,,,,,,,,,,,,,,,,,,,,,,,,,,,,,,,,,,,,,,,,,,,,,,,,,,,,,,,,,,,,,,,,,,,,,,,,,,,,,,,,,,,
,,,,,,,,,,,,,,,,,,,,,,,,,,,,,,,,,,,,,,,,,,,,,,,,,,,,,,,,,,,,,,,,,,,,,,,,,,,,,,,,,,,,,,,,,,,,,,,,,,,,,,,,,
,,,,,,,,,,,,,,,,,,,,,,,,,,,,,,,,,,,,,,,,,,,,,,,,,,,,,,,,,,,,,,,,,,,,,,,,,,,,,,,,,,,,,,,,,,,,,,,,,,,,,,,,,
,,,,,,,,,,,,,,,,,,,,,,,,,,,,,,,,,,,,,,,,,,,,,,,,,,,,,,,,,,,,,,,,,,,,,,,,,,,,,,,,,,,,,,,,,,,,,,,,,,,,,,,,,
,,,,,,,,,,,,,,,,,,,,,,,,,,,,,,,,,,,,,,,,,,,,,,,,,,,,,,,,,,,,,,,,,,,,,,,,,,,,,,,,,,,,,,,,,,,,,,,,,,,,,,,,,
,,,,,,,,,,,,,,,,,,,,,,,,,,,,,,,,,,,,,,,,,,,,,,,,,,,,,,,,,,,,,,,,,,,,,,,,,,,,,,,,,,,,,,,,,,,,,,,,,,,,,,,,,
,,,,,,,,,,,,,,,,,,,,,,,,,,,,,,,,,,,,,,,,,,,,,,,,,,,,,,,,,,,,,,,,,,,,,,,,,,,,,,,,,,,,,,,,,,,,,,,,,,,,,,,,,
,,,,,,,,,,,,,,,,,,,,,,,,,,,,,,,,,,,,,,,,,,,,,,,,,,,,,,,,,,,,,,,,,,,,,,,,,,,,,,,,,,,,,,,,,,,,,,,,,,,,,,,,,
,,,,,,,,,,,,,,,,,,,,,,,,,,,,,,,,,,,,,,,,,,,,,,,,,,,,,,,,,,,,,,,,,,,,,,,,,,,,,,,,,,,,,,,,,,,,,,,,,,,,,,,,,
,,,,,,,,,,,,,,,,,,,,,,,,,,,,,,,,,,,,,,,,,,,,,,,,,,,,,,,,,,,,,,,,,,,,,,,,,,,,,,,,,,,,,,,,,,,,,,,,,,,,,,,,,
,,,,,,,,,,,,,,,,,,,,,,,,,,,,,,,,,,,,,,,,,,,,,,,,,,,,,,,,,,,,,,,,,,,,,,,,,,,,,,,,,,,,,,,,,,,,,,,,,,,,,,,,,
,,,,,,,,,,,,,,,,,,,,,,,,,,,,,,,,,,,,,,,,,,,,,,,,,,,,,,,,,,,,,,,,,,,,,,,,,,,,,,,,,,,,,,,,,,,,,,,,,,,,,,,,,
http://click-demo.com/immigrationxperts/wp-content/uploads/2016/06/2013-07-19_181425_New-Adelaide-South-Australia-Branding-Logo.jpg,2013-07-19_181425_New-Adelaide-South-Australia-Branding-Logo,,,,http://click-demo.com/immigrationxperts/wp-content/uploads/2016/06/2013-07-19_181425_New-Adelaide-South-Australia-Branding-Logo.jpg,,,,,,,,,,,,,,,,,,,,,,,,,,,,,,,,,,,,,,,,,,,,,,,,,,,,,,,,,,,,,,,,,,,,,,,,,,,,,,,,,,,,,,,,,,,,,,,,,,,,
,,,,,,,,,,,,,,,,,,,,,,,,,,,,,,,,,,,,,,,,,,,,,,,,,,,,,,,,,,,,,,,,,,,,,,,,,,,,,,,,,,,,,,,,,,,,,,,,,,,,,,,,,
http://click-demo.com/immigrationxperts/wp-content/uploads/2016/06/download.jpg,download,,,,http://click-demo.com/immigrationxperts/wp-content/uploads/2016/06/download.jpg,,,,,,,,,,,,,,,,,,,,,,,,,,,,,,,,,,,,,,,,,,,,,,,,,,,,,,,,,,,,,,,,,,,,,,,,,,,,,,,,,,,,,,,,,,,,,,,,,,,,
,,,,,,,,,,,,,,,,,,,,,,,,,,,,,,,,,,,,,,,,,,,,,,,,,,,,,,,,,,,,,,,,,,,,,,,,,,,,,,,,,,,,,,,,,,,,,,,,,,,,,,,,,
,,,,,,,,,,,,,,,,,,,,,,,,,,,,,,,,,,,,,,,,,,,,,,,,,,,,,,,,,,,,,,,,,,,,,,,,,,,,,,,,,,,,,,,,,,,,,,,,,,,,,,,,,
,,,,,,,,,,,,,,,,,,,,,,,,,,,,,,,,,,,,,,,,,,,,,,,,,,,,,,,,,,,,,,,,,,,,,,,,,,,,,,,,,,,,,,,,,,,,,,,,,,,,,,,,,
,,,,,,,,,,,,,,,,,,,,,,,,,,,,,,,,,,,,,,,,,,,,,,,,,,,,,,,,,,,,,,,,,,,,,,,,,,,,,,,,,,,,,,,,,,,,,,,,,,,,,,,,,
,,,,,,,,,,,,,,,,,,,,,,,,,,,,,,,,,,,,,,,,,,,,,,,,,,,,,,,,,,,,,,,,,,,,,,,,,,,,,,,,,,,,,,,,,,,,,,,,,,,,,,,,,
,,,,,,,,,,,,,,,,,,,,,,,,,,,,,,,,,,,,,,,,,,,,,,,,,,,,,,,,,,,,,,,,,,,,,,,,,,,,,,,,,,,,,,,,,,,,,,,,,,,,,,,,,
,,,,,,,,,,,,,,,,,,,,,,,,,,,,,,,,,,,,,,,,,,,,,,,,,,,,,,,,,,,,,,,,,,,,,,,,,,,,,,,,,,,,,,,,,,,,,,,,,,,,,,,,,
,,,,,,,,,,,,,,,,,,,,,,,,,,,,,,,,,,,,,,,,,,,,,,,,,,,,,,,,,,,,,,,,,,,,,,,,,,,,,,,,,,,,,,,,,,,,,,,,,,,,,,,,,
,,,,,,,,,,,,,,,,,,,,,,,,,,,,,,,,,,,,,,,,,,,,,,,,,,,,,,,,,,,,,,,,,,,,,,,,,,,,,,,,,,,,,,,,,,,,,,,,,,,,,,,,,
,,,,,,,,,,,,,,,,,,,,,,,,,,,,,,,,,,,,,,,,,,,,,,,,,,,,,,,,,,,,,,,,,,,,,,,,,,,,,,,,,,,,,,,,,,,,,,,,,,,,,,,,,
,,,,,,,,,,,,,,,,,,,,,,,,,,,,,,,,,,,,,,,,,,,,,,,,,,,,,,,,,,,,,,,,,,,,,,,,,,,,,,,,,,,,,,,,,,,,,,,,,,,,,,,,,
,,,,,,,,,,,,,,,,,,,,,,,,,,,,,,,,,,,,,,,,,,,,,,,,,,,,,,,,,,,,,,,,,,,,,,,,,,,,,,,,,,,,,,,,,,,,,,,,,,,,,,,,,
,,,,,,,,,,,,,,,,,,,,,,,,,,,,,,,,,,,,,,,,,,,,,,,,,,,,,,,,,,,,,,,,,,,,,,,,,,,,,,,,,,,,,,,,,,,,,,,,,,,,,,,,,
,,,,,,,,,,,,,,,,,,,,,,,,,,,,,,,,,,,,,,,,,,,,,,,,,,,,,,,,,,,,,,,,,,,,,,,,,,,,,,,,,,,,,,,,,,,,,,,,,,,,,,,,,
,,,,,,,,,,,,,,,,,,,,,,,,,,,,,,,,,,,,,,,,,,,,,,,,,,,,,,,,,,,,,,,,,,,,,,,,,,,,,,,,,,,,,,,,,,,,,,,,,,,,,,,,,
,,,,,,,,,,,,,,,,,,,,,,,,,,,,,,,,,,,,,,,,,,,,,,,,,,,,,,,,,,,,,,,,,,,,,,,,,,,,,,,,,,,,,,,,,,,,,,,,,,,,,,,,,
,,,,,,,,,,,,,,,,,,,,,,,,,,,,,,,,,,,,,,,,,,,,,,,,,,,,,,,,,,,,,,,,,,,,,,,,,,,,,,,,,,,,,,,,,,,,,,,,,,,,,,,,,
,,,,,,,,,,,,,,,,,,,,,,,,,,,,,,,,,,,,,,,,,,,,,,,,,,,,,,,,,,,,,,,,,,,,,,,,,,,,,,,,,,,,,,,,,,,,,,,,,,,,,,,,,
,,,,,,,,,,,,,,,,,,,,,,,,,,,,,,,,,,,,,,,,,,,,,,,,,,,,,,,,,,,,,,,,,,,,,,,,,,,,,,,,,,,,,,,,,,,,,,,,,,,,,,,,,
,,,,,,,,,,,,,,,,,,,,,,,,,,,,,,,,,,,,,,,,,,,,,,,,,,,,,,,,,,,,,,,,,,,,,,,,,,,,,,,,,,,,,,,,,,,,,,,,,,,,,,,,,
,,,,,,,,,,,,,,,,,,,,,,,,,,,,,,,,,,,,,,,,,,,,,,,,,,,,,,,,,,,,,,,,,,,,,,,,,,,,,,,,,,,,,,,,,,,,,,,,,,,,,,,,,
,,,,,,,,,,,,,,,,,,,,,,,,,,,,,,,,,,,,,,,,,,,,,,,,,,,,,,,,,,,,,,,,,,,,,,,,,,,,,,,,,,,,,,,,,,,,,,,,,,,,,,,,,
http://click-demo.com/immigrationxperts/wp-content/uploads/2016/06/Canada-Federal-Skilled-Worker-Programme-.png,Canada-Federal-Skilled-Worker-Programme-,,,,http://click-demo.com/immigrationxperts/wp-content/uploads/2016/06/Canada-Federal-Skilled-Worker-Programme-.png,,,,,,,,,,,,,,,,,,,,,,,,,,,,,,,,,,,,,,,,,,,,,,,,,,,,,,,,,,,,,,,,,,,,,,,,,,,,,,,,,,,,,,,,,,,,,,,,,,,,
http://click-demo.com/immigrationxperts/wp-content/uploads/2016/06/Last-Chance-for-Canadian-Federal-Skilled-Worker-Visas.jpg,Last-Chance-for-Canadian-Federal-Skilled-Worker-Visas,,,,http://click-demo.com/immigrationxperts/wp-content/uploads/2016/06/Last-Chance-for-Canadian-Federal-Skilled-Worker-Visas.jpg,,,,,,,,,,,,,,,,,,,,,,,,,,,,,,,,,,,,,,,,,,,,,,,,,,,,,,,,,,,,,,,,,,,,,,,,,,,,,,,,,,,,,,,,,,,,,,,,,,,,
http://click-demo.com/immigrationxperts/wp-content/uploads/2016/06/FSW.jpg,FSW,,,,http://click-demo.com/immigrationxperts/wp-content/uploads/2016/06/FSW.jpg,,,,,,,,,,,,,,,,,,,,,,,,,,,,,,,,,,,,,,,,,,,,,,,,,,,,,,,,,,,,,,,,,,,,,,,,,,,,,,,,,,,,,,,,,,,,,,,,,,,,
,,,,,,,,,,,,,,,,,,,,,,,,,,,,,,,,,,,,,,,,,,,,,,,,,,,,,,,,,,,,,,,,,,,,,,,,,,,,,,,,,,,,,,,,,,,,,,,,,,,,,,,,,
,,,,,,,,,,,,,,,,,,,,,,,,,,,,,,,,,,,,,,,,,,,,,,,,,,,,,,,,,,,,,,,,,,,,,,,,,,,,,,,,,,,,,,,,,,,,,,,,,,,,,,,,,
,,,,,,,,,,,,,,,,,,,,,,,,,,,,,,,,,,,,,,,,,,,,,,,,,,,,,,,,,,,,,,,,,,,,,,,,,,,,,,,,,,,,,,,,,,,,,,,,,,,,,,,,,
http://click-demo.com/immigrationxperts/wp-content/uploads/2014/10/Canada-Express-Entry1.jpg,Canada-Express-Entry1,,,,http://click-demo.com/immigrationxperts/wp-content/uploads/2014/10/Canada-Express-Entry1.jpg,,,,,,,,,,,,,,,,,,,,,,,,,,,,,,,,,,,,,,,,,,,,,,,,,,,,,,,,,,,,,,,,,,,,,,,,,,,,,,,,,,,,,,,,,,,,,,,,,,,,
,,,,,,,,,,,,,,,,,,,,,,,,,,,,,,,,,,,,,,,,,,,,,,,,,,,,,,,,,,,,,,,,,,,,,,,,,,,,,,,,,,,,,,,,,,,,,,,,,,,,,,,,,
,,,,,,,,,,,,,,,,,,,,,,,,,,,,,,,,,,,,,,,,,,,,,,,,,,,,,,,,,,,,,,,,,,,,,,,,,,,,,,,,,,,,,,,,,,,,,,,,,,,,,,,,,
http://click-demo.com/immigrationxperts/wp-content/uploads/2016/06/Canada-Federal-Skilled-Work-300x143.png,Canada-Federal-Skilled-Work-300x143,,,,http://click-demo.com/immigrationxperts/wp-content/uploads/2016/06/Canada-Federal-Skilled-Work-300x143.png,,,,,,,,,,,,,,,,,,,,,,,,,,,,,,,,,,,,,,,,,,,,,,,,,,,,,,,,,,,,,,,,,,,,,,,,,,,,,,,,,,,,,,,,,,,,,,,,,,,,
,,,,,,,,,,,,,,,,,,,,,,,,,,,,,,,,,,,,,,,,,,,,,,,,,,,,,,,,,,,,,,,,,,,,,,,,,,,,,,,,,,,,,,,,,,,,,,,,,,,,,,,,,
,,,,,,,,,,,,,,,,,,,,,,,,,,,,,,,,,,,,,,,,,,,,,,,,,,,,,,,,,,,,,,,,,,,,,,,,,,,,,,,,,,,,,,,,,,,,,,,,,,,,,,,,,
,,,,,,,,,,,,,,,,,,,,,,,,,,,,,,,,,,,,,,,,,,,,,,,,,,,,,,,,,,,,,,,,,,,,,,,,,,,,,,,,,,,,,,,,,,,,,,,,,,,,,,,,,
,,,,,,,,,,,,,,,,,,,,,,,,,,,,,,,,,,,,,,,,,,,,,,,,,,,,,,,,,,,,,,,,,,,,,,,,,,,,,,,,,,,,,,,,,,,,,,,,,,,,,,,,,
,,,,,,,,,,,,,,,,,,,,,,,,,,,,,,,,,,,,,,,,,,,,,,,,,,,,,,,,,,,,,,,,,,,,,,,,,,,,,,,,,,,,,,,,,,,,,,,,,,,,,,,,,
,,,,,,,,,,,,,,,,,,,,,,,,,,,,,,,,,,,,,,,,,,,,,,,,,,,,,,,,,,,,,,,,,,,,,,,,,,,,,,,,,,,,,,,,,,,,,,,,,,,,,,,,,
,,,,,,,,,,,,,,,,,,,,,,,,,,,,,,,,,,,,,,,,,,,,,,,,,,,,,,,,,,,,,,,,,,,,,,,,,,,,,,,,,,,,,,,,,,,,,,,,,,,,,,,,,
http://click-demo.com/immigrationxperts/wp-content/uploads/2016/06/photo-1sm.jpg,photo-1sm,,,,http://click-demo.com/immigrationxperts/wp-content/uploads/2016/06/photo-1sm.jpg,,,,,,,,,,,,,,,,,,,,,,,,,,,,,,,,,,,,,,,,,,,,,,,,,,,,,,,,,,,,,,,,,,,,,,,,,,,,,,,,,,,,,,,,,,,,,,,,,,,,
,,,,,,,,,,,,,,,,,,,,,,,,,,,,,,,,,,,,,,,,,,,,,,,,,,,,,,,,,,,,,,,,,,,,,,,,,,,,,,,,,,,,,,,,,,,,,,,,,,,,,,,,,
,,,,,,,,,,,,,,,,,,,,,,,,,,,,,,,,,,,,,,,,,,,,,,,,,,,,,,,,,,,,,,,,,,,,,,,,,,,,,,,,,,,,,,,,,,,,,,,,,,,,,,,,,
,,,,,,,,,,,,,,,,,,,,,,,,,,,,,,,,,,,,,,,,,,,,,,,,,,,,,,,,,,,,,,,,,,,,,,,,,,,,,,,,,,,,,,,,,,,,,,,,,,,,,,,,,
,,,,,,,,,,,,,,,,,,,,,,,,,,,,,,,,,,,,,,,,,,,,,,,,,,,,,,,,,,,,,,,,,,,,,,,,,,,,,,,,,,,,,,,,,,,,,,,,,,,,,,,,,
,,,,,,,,,,,,,,,,,,,,,,,,,,,,,,,,,,,,,,,,,,,,,,,,,,,,,,,,,,,,,,,,,,,,,,,,,,,,,,,,,,,,,,,,,,,,,,,,,,,,,,,,,
http://click-demo.com/immigrationxperts/wp-content/uploads/2016/08/image.jpg,image,,,,http://click-demo.com/immigrationxperts/wp-content/uploads/2016/08/image.jpg,,,,,,,,,,,,,,,,,,,,,,,,,,,,,,,,,,,,,,,,,,,,,,,,,,,,,,,,,,,,,,,,,,,,,,,,,,,,,,,,,,,,,,,,,,,,,,,,,,,,
http://click-demo.com/immigrationxperts/wp-content/uploads/2016/08/quebec-map-300x224.jpg,quebec-map-300x224,,,,http://click-demo.com/immigrationxperts/wp-content/uploads/2016/08/quebec-map-300x224.jpg,,,,,,,,,,,,,,,,,,,,,,,,,,,,,,,,,,,,,,,,,,,,,,,,,,,,,,,,,,,,,,,,,,,,,,,,,,,,,,,,,,,,,,,,,,,,,,,,,,,,
http://click-demo.com/immigrationxperts/wp-content/uploads/2016/08/canada-sun.jpg,canada-sun,,,,http://click-demo.com/immigrationxperts/wp-content/uploads/2016/08/canada-sun.jpg,,,,,,,,,,,,,,,,,,,,,,,,,,,,,,,,,,,,,,,,,,,,,,,,,,,,,,,,,,,,,,,,,,,,,,,,,,,,,,,,,,,,,,,,,,,,,,,,,,,,
http://click-demo.com/immigrationxperts/wp-content/uploads/2016/08/art-Indian-Tourists-Sydney.jpg,"India is one of Australia's fastest growing tourism markets.",,,,http://click-demo.com/immigrationxperts/wp-content/uploads/2016/08/art-Indian-Tourists-Sydney.jpg,,,,,,,,,,,,,,,,,,,,,,,,,,,,,,,,,,,,,,,,,,,,,,,,,,,,,,,,,,,,,,,,,,,,,,,,,,,,,,,,,,,,,,,,,,,,,,,,,,,,
http://click-demo.com/immigrationxperts/wp-content/uploads/2016/08/Alberta.jpg,alberta,,,,http://click-demo.com/immigrationxperts/wp-content/uploads/2016/08/Alberta.jpg,,,,,,,,,,,,,,,,,,,,,,,,,,,,,,,,,,,,,,,,,,,,,,,,,,,,,,,,,,,,,,,,,,,,,,,,,,,,,,,,,,,,,,,,,,,,,,,,,,,,
http://click-demo.com/immigrationxperts/wp-content/uploads/2016/08/Long-Stay-Parent-Visa-.jpg,long-stay-parent-visa,,,,http://click-demo.com/immigrationxperts/wp-content/uploads/2016/08/Long-Stay-Parent-Visa-.jpg,,,,,,,,,,,,,,,,,,,,,,,,,,,,,,,,,,,,,,,,,,,,,,,,,,,,,,,,,,,,,,,,,,,,,,,,,,,,,,,,,,,,,,,,,,,,,,,,,,,,
,,,,,,,,,,,,,,,,,,,,,,,,,,,,,,,,,,,,,,,,,,,,,,,,,,,,,,,,,,,,,,,,,,,,,,,,,,,,,,,,,,,,,,,,,,,,,,,,,,,,,,,,,
http://click-demo.com/immigrationxperts/wp-content/uploads/2016/09/VETASSESS-.jpg|http://click-demo.com/immigrationxperts/wp-content/uploads/2016/09/vetassess.png,vetassess|vetassess,|,|,|,http://click-demo.com/immigrationxperts/wp-content/uploads/2016/09/VETASSESS-.jpg,,,,,,,,,,,,,,,,,,,,,,,,,,,,,,,,,,,,,,,,,,,,,,,,,,,,,,,,,,,,,,,,,,,,,,,,,,,,,,,,,,,,,,,,,,,,,,,,,,,,
http://click-demo.com/immigrationxperts/wp-content/uploads/2016/09/ACT.png,ACT,,,,http://click-demo.com/immigrationxperts/wp-content/uploads/2016/09/ACT.png,,,,,,,,,,,,,,,,,,,,,,,,,,,,,,,,,,,,,,,,,,,,,,,,,,,,,,,,,,,,,,,,,,,,,,,,,,,,,,,,,,,,,,,,,,,,,,,,,,,,
http://click-demo.com/immigrationxperts/wp-content/uploads/2016/09/Gallery.jpg,gallery,,,,http://click-demo.com/immigrationxperts/wp-content/uploads/2016/09/Gallery.jpg,,,,,,,,,,,,,,,,,,,,,,,,,,,,,,,,,,,,,,,,,,,,,,,,,,,,,,,,,,,,,,,,,,,,,,,,,,,,,,,,,,,,,,,,,,,,,,,,,,,,
http://click-demo.com/immigrationxperts/wp-content/uploads/2016/09/rtx1vow5.jpg,rtx1vow5,,,,http://click-demo.com/immigrationxperts/wp-content/uploads/2016/09/rtx1vow5.jpg,,,,,,,,,,,,,,,,,,,,,,,,,,,,,,,,,,,,,,,,,,,,,,,,,,,,,,,,,,,,,,,,,,,,,,,,,,,,,,,,,,,,,,,,,,,,,,,,,,,,
http://click-demo.com/immigrationxperts/wp-content/uploads/2016/09/42-Draw-1.jpg|http://click-demo.com/immigrationxperts/wp-content/uploads/2016/09/42-Draw.jpg,42-draw|42-draw,|,|,|,http://click-demo.com/immigrationxperts/wp-content/uploads/2016/09/42-Draw-1.jpg,,,,,,,,,,,,,,,,,,,,,,,,,,,,,,,,,,,,,,,,,,,,,,,,,,,,,,,,,,,,,,,,,,,,,,,,,,,,,,,,,,,,,,,,,,,,,,,,,,,,
http://click-demo.com/immigrationxperts/wp-content/uploads/2016/09/STANDARD.jpg|http://click-demo.com/immigrationxperts/wp-content/uploads/2016/09/UrgentUpdate_Medium1.jpg|http://click-demo.com/immigrationxperts/wp-content/uploads/2016/09/news-2.png|http://click-demo.com/immigrationxperts/wp-content/uploads/2016/09/news-4.jpg,standard|urgentupdate_medium1|news-2|news-4,|||,|||,|||,http://click-demo.com/immigrationxperts/wp-content/uploads/2016/09/STANDARD.jpg,,,,,,,,,,,,,,,,,,,,,,,,,,,,,,,,,,,,,,,,,,,,,,,,,,,,,,,,,,,,,,,,,,,,,,,,,,,,,,,,,,,,,,,,,,,,,,,,,,,,
http://click-demo.com/immigrationxperts/wp-content/uploads/2016/09/syrian-father-and-son-at-refugee-camp.jpg,syrian-father-and-son-at-refugee-camp,,,,http://click-demo.com/immigrationxperts/wp-content/uploads/2016/09/syrian-father-and-son-at-refugee-camp.jpg,,,,,,,,,,,,,,,,,,,,,,,,,,,,,,,,,,,,,,,,,,,,,,,,,,,,,,,,,,,,,,,,,,,,,,,,,,,,,,,,,,,,,,,,,,,,,,,,,,,,
http://click-demo.com/immigrationxperts/wp-content/uploads/2016/09/canada-flag.jpg,canada-flag,,,,http://click-demo.com/immigrationxperts/wp-content/uploads/2016/09/canada-flag.jpg,,,,,,,,,,,,,,,,,,,,,,,,,,,,,,,,,,,,,,,,,,,,,,,,,,,,,,,,,,,,,,,,,,,,,,,,,,,,,,,,,,,,,,,,,,,,,,,,,,,,
http://click-demo.com/immigrationxperts/wp-content/uploads/2016/09/canada.jpg,canada,,,,http://click-demo.com/immigrationxperts/wp-content/uploads/2016/09/canada.jpg,,,,,,,,,,,,,,,,,,,,,,,,,,,,,,,,,,,,,,,,,,,,,,,,,,,,,,,,,,,,,,,,,,,,,,,,,,,,,,,,,,,,,,,,,,,,,,,,,,,,
http://click-demo.com/immigrationxperts/wp-content/uploads/2016/09/images.jpg,images,,,,http://click-demo.com/immigrationxperts/wp-content/uploads/2016/09/images.jpg,,,,,,,,,,,,,,,,,,,,,,,,,,,,,,,,,,,,,,,,,,,,,,,,,,,,,,,,,,,,,,,,,,,,,,,,,,,,,,,,,,,,,,,,,,,,,,,,,,,,
http://click-demo.com/immigrationxperts/wp-content/uploads/2016/09/43-Draw-1.jpg,43-draw-1,,,,http://click-demo.com/immigrationxperts/wp-content/uploads/2016/09/43-Draw-1.jpg,,,,,,,,,,,,,,,,,,,,,,,,,,,,,,,,,,,,,,,,,,,,,,,,,,,,,,,,,,,,,,,,,,,,,,,,,,,,,,,,,,,,,,,,,,,,,,,,,,,,
http://click-demo.com/immigrationxperts/wp-content/uploads/2016/10/unnamed-1.png,unnamed-1,,,,http://click-demo.com/immigrationxperts/wp-content/uploads/2016/10/unnamed-1.png,,,,,,,,,,,,,,,,,,,,,,,,,,,,,,,,,,,,,,,,,,,,,,,,,,,,,,,,,,,,,,,,,,,,,,,,,,,,,,,,,,,,,,,,,,,,,,,,,,,,
http://click-demo.com/immigrationxperts/wp-content/uploads/2016/09/migration-agents-testimonials.jpg,,,,,http://click-demo.com/immigrationxperts/wp-content/uploads/2016/09/migration-agents-testimonials.jpg,,,,,,,,,,,,,,,,,,,,,,,,,,,,,,,,,,,,,,,,,,,,,,,,,,,,,,,,,,,,,,,,,,,,,,,,,,,,,,,,,,,,,,,,,,,,,,,,,,,,
http://click-demo.com/immigrationxperts/wp-content/uploads/2016/10/australia.jpg,australia,,,,http://click-demo.com/immigrationxperts/wp-content/uploads/2016/10/australia.jpg,,,,,,,,,,,,,,,,,,,,,,,,,,,,,,,,,,,,,,,,,,,,,,,,,,,,,,,,,,,,,,,,,,,,,,,,,,,,,,,,,,,,,,,,,,,,,,,,,,,,
http://click-demo.com/immigrationxperts/wp-content/uploads/2016/10/immigration-australia-6.jpg,,,,,http://click-demo.com/immigrationxperts/wp-content/uploads/2016/10/immigration-australia-6.jpg,,,,,,,,,,,,,,,,,,,,,,,,,,,,,,,,,,,,,,,,,,,,,,,,,,,,,,,,,,,,,,,,,,,,,,,,,,,,,,,,,,,,,,,,,,,,,,,,,,,,
http://click-demo.com/immigrationxperts/wp-content/uploads/2016/10/australia-immigration.jpg,,,,,http://click-demo.com/immigrationxperts/wp-content/uploads/2016/10/australia-immigration.jpg,,,,,,,,,,,,,,,,,,,,,,,,,,,,,,,,,,,,,,,,,,,,,,,,,,,,,,,,,,,,,,,,,,,,,,,,,,,,,,,,,,,,,,,,,,,,,,,,,,,,
http://click-demo.com/immigrationxperts/wp-content/uploads/2016/10/Express-Entry-system-is-mainly-for-applicants.jpg,,,,,http://click-demo.com/immigrationxperts/wp-content/uploads/2016/10/Express-Entry-system-is-mainly-for-applicants.jpg,,,,,,,,,,,,,,,,,,,,,,,,,,,,,,,,,,,,,,,,,,,,,,,,,,,,,,,,,,,,,,,,,,,,,,,,,,,,,,,,,,,,,,,,,,,,,,,,,,,,
http://click-demo.com/immigrationxperts/wp-content/uploads/2016/10/Skilled-Temp-copy.jpg,,,,,http://click-demo.com/immigrationxperts/wp-content/uploads/2016/10/Skilled-Temp-copy.jpg,,,,,,,,,,,,,,,,,,,,,,,,,,,,,,,,,,,,,,,,,,,,,,,,,,,,,,,,,,,,,,,,,,,,,,,,,,,,,,,,,,,,,,,,,,,,,,,,,,,,
http://click-demo.com/immigrationxperts/wp-content/uploads/2016/10/s1.jpg,,,,,http://click-demo.com/immigrationxperts/wp-content/uploads/2016/10/s1.jpg,,,,,,,,,,,,,,,,,,,,,,,,,,,,,,,,,,,,,,,,,,,,,,,,,,,,,,,,,,,,,,,,,,,,,,,,,,,,,,,,,,,,,,,,,,,,,,,,,,,,
http://click-demo.com/immigrationxperts/wp-content/uploads/2016/10/citizenship-celebration-2013.jpg,,,,,http://click-demo.com/immigrationxperts/wp-content/uploads/2016/10/citizenship-celebration-2013.jpg,,,,,,,,,,,,,,,,,,,,,,,,,,,,,,,,,,,,,,,,,,,,,,,,,,,,,,,,,,,,,,,,,,,,,,,,,,,,,,,,,,,,,,,,,,,,,,,,,,,,
http://click-demo.com/immigrationxperts/wp-content/uploads/2016/11/immigration-au-canada.jpg,immigration-au-canada,,,,http://click-demo.com/immigrationxperts/wp-content/uploads/2016/11/immigration-au-canada.jpg,,,,,,,,,,,,,,,,,,,,,,,,,,,,,,,,,,,,,,,,,,,,,,,,,,,,,,,,,,,,,,,,,,,,,,,,,,,,,,,,,,,,,,,,,,,,,,,,,,,,
http://click-demo.com/immigrationxperts/wp-content/uploads/2016/11/Canada-PR.jpg,,,,,http://click-demo.com/immigrationxperts/wp-content/uploads/2016/11/Canada-PR.jpg,,,,,,,,,,,,,,,,,,,,,,,,,,,,,,,,,,,,,,,,,,,,,,,,,,,,,,,,,,,,,,,,,,,,,,,,,,,,,,,,,,,,,,,,,,,,,,,,,,,,
http://click-demo.com/immigrationxperts/wp-content/uploads/2016/11/Australia-main-bannerr.png,,,,,http://click-demo.com/immigrationxperts/wp-content/uploads/2016/11/Australia-main-bannerr.png,,,,,,,,,,,,,,,,,,,,,,,,,,,,,,,,,,,,,,,,,,,,,,,,,,,,,,,,,,,,,,,,,,,,,,,,,,,,,,,,,,,,,,,,,,,,,,,,,,,,
http://click-demo.com/immigrationxperts/wp-content/uploads/2016/11/3581538.jpg,3581538,,,,http://click-demo.com/immigrationxperts/wp-content/uploads/2016/11/3581538.jpg,,,,,,,,,,,,,,,,,,,,,,,,,,,,,,,,,,,,,,,,,,,,,,,,,,,,,,,,,,,,,,,,,,,,,,,,,,,,,,,,,,,,,,,,,,,,,,,,,,,,
http://click-demo.com/immigrationxperts/wp-content/uploads/2016/11/Indians-to-Benefit2.jpg,indians-to-benefit2,,,,http://click-demo.com/immigrationxperts/wp-content/uploads/2016/11/Indians-to-Benefit2.jpg,,,,,,,,,,,,,,,,,,,,,,,,,,,,,,,,,,,,,,,,,,,,,,,,,,,,,,,,,,,,,,,,,,,,,,,,,,,,,,,,,,,,,,,,,,,,,,,,,,,,
http://click-demo.com/immigrationxperts/wp-content/uploads/2016/11/body_5_3.jpg,,,,,http://click-demo.com/immigrationxperts/wp-content/uploads/2016/11/body_5_3.jpg,,,,,,,,,,,,,,,,,,,,,,,,,,,,,,,,,,,,,,,,,,,,,,,,,,,,,,,,,,,,,,,,,,,,,,,,,,,,,,,,,,,,,,,,,,,,,,,,,,,,
http://click-demo.com/immigrationxperts/wp-content/uploads/2016/11/shutterstock-139763107-2.jpg,,,,,http://click-demo.com/immigrationxperts/wp-content/uploads/2016/11/shutterstock-139763107-2.jpg,,,,,,,,,,,,,,,,,,,,,,,,,,,,,,,,,,,,,,,,,,,,,,,,,,,,,,,,,,,,,,,,,,,,,,,,,,,,,,,,,,,,,,,,,,,,,,,,,,,,
http://click-demo.com/immigrationxperts/wp-content/uploads/2016/11/20160122000438_66401.jpg,,,,,http://click-demo.com/immigrationxperts/wp-content/uploads/2016/11/20160122000438_66401.jpg,,,,,,,,,,,,,,,,,,,,,,,,,,,,,,,,,,,,,,,,,,,,,,,,,,,,,,,,,,,,,,,,,,,,,,,,,,,,,,,,,,,,,,,,,,,,,,,,,,,,
http://click-demo.com/immigrationxperts/wp-content/uploads/2016/11/migrants.jpg,,,,,http://click-demo.com/immigrationxperts/wp-content/uploads/2016/11/migrants.jpg,,,,,,,,,,,,,,,,,,,,,,,,,,,,,,,,,,,,,,,,,,,,,,,,,,,,,,,,,,,,,,,,,,,,,,,,,,,,,,,,,,,,,,,,,,,,,,,,,,,,
http://click-demo.com/immigrationxperts/wp-content/uploads/2016/11/money_6.jpg,,,,,http://click-demo.com/immigrationxperts/wp-content/uploads/2016/11/money_6.jpg,,,,,,,,,,,,,,,,,,,,,,,,,,,,,,,,,,,,,,,,,,,,,,,,,,,,,,,,,,,,,,,,,,,,,,,,,,,,,,,,,,,,,,,,,,,,,,,,,,,,
http://click-demo.com/immigrationxperts/wp-content/uploads/2016/11/express-entry.jpg|http://click-demo.com/immigrationxperts/wp-content/uploads/2016/11/ee-1.jpg,|,|,|,|,http://click-demo.com/immigrationxperts/wp-content/uploads/2016/11/express-entry.jpg,,,,,,,,,,,,,,,,,,,,,,,,,,,,,,,,,,,,,,,,,,,,,,,,,,,,,,,,,,,,,,,,,,,,,,,,,,,,,,,,,,,,,,,,,,,,,,,,,,,,
http://click-demo.com/immigrationxperts/wp-content/uploads/2016/11/canada-immigration.jpg,,,,,http://click-demo.com/immigrationxperts/wp-content/uploads/2016/11/canada-immigration.jpg,,,,,,,,,,,,,,,,,,,,,,,,,,,,,,,,,,,,,,,,,,,,,,,,,,,,,,,,,,,,,,,,,,,,,,,,,,,,,,,,,,,,,,,,,,,,,,,,,,,,
http://click-demo.com/immigrationxperts/wp-content/uploads/2016/12/o-CANADA-IMMIGRATION-facebook.jpg,,,,,http://click-demo.com/immigrationxperts/wp-content/uploads/2016/12/o-CANADA-IMMIGRATION-facebook.jpg,,,,,,,,,,,,,,,,,,,,,,,,,,,,,,,,,,,,,,,,,,,,,,,,,,,,,,,,,,,,,,,,,,,,,,,,,,,,,,,,,,,,,,,,,,,,,,,,,,,,
,,,,,,,,,,,,,,,,,,,,,,,,,,,,,,,,,,,,,,,,,,,,,,,,,,,,,,,,,,,,,,,,,,,,,,,,,,,,,,,,,,,,,,,,,,,,,,,,,,,,,,,,,
http://click-demo.com/immigrationxperts/wp-content/uploads/2016/12/canada-express-entry.jpg,,,,,http://click-demo.com/immigrationxperts/wp-content/uploads/2016/12/canada-express-entry.jpg,,,,,,,,,,,,,,,,,,,,,,,,,,,,,,,,,,,,,,,,,,,,,,,,,,,,,,,,,,,,,,,,,,,,,,,,,,,,,,,,,,,,,,,,,,,,,,,,,,,,
http://click-demo.com/immigrationxperts/wp-content/uploads/2016/12/INDIA_jpg_2523604f.jpg,,,,,http://click-demo.com/immigrationxperts/wp-content/uploads/2016/12/INDIA_jpg_2523604f.jpg,,,,,,,,,,,,,,,,,,,,,,,,,,,,,,,,,,,,,,,,,,,,,,,,,,,,,,,,,,,,,,,,,,,,,,,,,,,,,,,,,,,,,,,,,,,,,,,,,,,,
http://click-demo.com/immigrationxperts/wp-content/uploads/2016/12/minimum-wage.jpg,,,,,http://click-demo.com/immigrationxperts/wp-content/uploads/2016/12/minimum-wage.jpg,,,,,,,,,,,,,,,,,,,,,,,,,,,,,,,,,,,,,,,,,,,,,,,,,,,,,,,,,,,,,,,,,,,,,,,,,,,,,,,,,,,,,,,,,,,,,,,,,,,,
http://click-demo.com/immigrationxperts/wp-content/uploads/2016/12/MCCALLUM.jpg,,,,,http://click-demo.com/immigrationxperts/wp-content/uploads/2016/12/MCCALLUM.jpg,,,,,,,,,,,,,,,,,,,,,,,,,,,,,,,,,,,,,,,,,,,,,,,,,,,,,,,,,,,,,,,,,,,,,,,,,,,,,,,,,,,,,,,,,,,,,,,,,,,,
http://click-demo.com/immigrationxperts/wp-content/uploads/2016/12/australia-plans-to-demonetise-100-bank-note980-1481702498_980x457.jpg,,,,,http://click-demo.com/immigrationxperts/wp-content/uploads/2016/12/australia-plans-to-demonetise-100-bank-note980-1481702498_980x457.jpg,,,,,,,,,,,,,,,,,,,,,,,,,,,,,,,,,,,,,,,,,,,,,,,,,,,,,,,,,,,,,,,,,,,,,,,,,,,,,,,,,,,,,,,,,,,,,,,,,,,,
http://click-demo.com/immigrationxperts/wp-content/uploads/2016/12/i188^pimgpsh_mobile_save_distr-e1483441219164.jpg|http://click-demo.com/immigrationxperts/wp-content/uploads/2016/12/Part-WAS-Was8986740-1-1-0.jpg,i188pimgpsh_mobile_save_distr|,|,|,|,http://click-demo.com/immigrationxperts/wp-content/uploads/2016/12/i188^pimgpsh_mobile_save_distr-e1483441219164.jpg,,,,,,,,,,,,,,,,,,,,,,,,,,,,,,,,,,,,,,,,,,,,,,,,,,,,,,,,,,,,,,,,,,,,,,,,,,,,,,,,,,,,,,,,,,,,,,,,,,,,
http://click-demo.com/immigrationxperts/wp-content/uploads/2016/12/long_stay_pic_0.jpg,,,,,http://click-demo.com/immigrationxperts/wp-content/uploads/2016/12/long_stay_pic_0.jpg,,,,,,,,,,,,,,,,,,,,,,,,,,,,,,,,,,,,,,,,,,,,,,,,,,,,,,,,,,,,,,,,,,,,,,,,,,,,,,,,,,,,,,,,,,,,,,,,,,,,
http://click-demo.com/immigrationxperts/wp-content/uploads/2016/12/AAEAAQAAAAAAAASUAAAAJDZmMzE4YmEyLTZlY2MtNDlkMS1hZjllLWMxOTU0YmU3MDFhMw.jpg|http://click-demo.com/immigrationxperts/wp-content/uploads/2016/12/Australian-Work-Visa-Subclass-457-Changes-e1447247377820-767x511.jpg,|,|,|,|,http://click-demo.com/immigrationxperts/wp-content/uploads/2016/12/AAEAAQAAAAAAAASUAAAAJDZmMzE4YmEyLTZlY2MtNDlkMS1hZjllLWMxOTU0YmU3MDFhMw.jpg,,,,,,,,,,,,,,,,,,,,,,,,,,,,,,,,,,,,,,,,,,,,,,,,,,,,,,,,,,,,,,,,,,,,,,,,,,,,,,,,,,,,,,,,,,,,,,,,,,,,
http://click-demo.com/immigrationxperts/wp-content/uploads/2016/12/shutterstock_21349744.jpg,,,,,http://click-demo.com/immigrationxperts/wp-content/uploads/2016/12/shutterstock_21349744.jpg,,,,,,,,,,,,,,,,,,,,,,,,,,,,,,,,,,,,,,,,,,,,,,,,,,,,,,,,,,,,,,,,,,,,,,,,,,,,,,,,,,,,,,,,,,,,,,,,,,,,
http://click-demo.com/immigrationxperts/wp-content/uploads/2016/12/2fa7464ffb9602e9a4fd30112f4822b0126904e7.jpg,,,,,http://click-demo.com/immigrationxperts/wp-content/uploads/2016/12/2fa7464ffb9602e9a4fd30112f4822b0126904e7.jpg,,,,,,,,,,,,,,,,,,,,,,,,,,,,,,,,,,,,,,,,,,,,,,,,,,,,,,,,,,,,,,,,,,,,,,,,,,,,,,,,,,,,,,,,,,,,,,,,,,,,
http://click-demo.com/immigrationxperts/wp-content/uploads/2017/01/canada-2017-1.jpg,canada-2017,,,,http://click-demo.com/immigrationxperts/wp-content/uploads/2017/01/canada-2017-1.jpg,,,,,,,,,,,,,,,,,,,,,,,,,,,,,,,,,,,,,,,,,,,,,,,,,,,,,,,,,,,,,,,,,,,,,,,,,,,,,,,,,,,,,,,,,,,,,,,,,,,,
http://click-demo.com/immigrationxperts/wp-content/uploads/2017/01/DRAW-1.jpg,,,,,http://click-demo.com/immigrationxperts/wp-content/uploads/2017/01/DRAW-1.jpg,,,,,,,,,,,,,,,,,,,,,,,,,,,,,,,,,,,,,,,,,,,,,,,,,,,,,,,,,,,,,,,,,,,,,,,,,,,,,,,,,,,,,,,,,,,,,,,,,,,,
http://click-demo.com/immigrationxperts/wp-content/uploads/2017/01/ahmed-hussen.jpg,,,,ahmed-hussen,http://click-demo.com/immigrationxperts/wp-content/uploads/2017/01/ahmed-hussen.jpg,,,,,,,,,,,,,,,,,,,,,,,,,,,,,,,,,,,,,,,,,,,,,,,,,,,,,,,,,,,,,,,,,,,,,,,,,,,,,,,,,,,,,,,,,,,,,,,,,,,,
http://click-demo.com/immigrationxperts/wp-content/uploads/2017/01/HAhmedHussen.jpg,HAhmedHussen,,,,http://click-demo.com/immigrationxperts/wp-content/uploads/2017/01/HAhmedHussen.jpg,,,,,,,,,,,,,,,,,,,,,,,,,,,,,,,,,,,,,,,,,,,,,,,,,,,,,,,,,,,,,,,,,,,,,,,,,,,,,,,,,,,,,,,,,,,,,,,,,,,,
http://click-demo.com/immigrationxperts/wp-content/uploads/2017/01/Canada-Express-Entry-9th-Draw.jpg,,,,,http://click-demo.com/immigrationxperts/wp-content/uploads/2017/01/Canada-Express-Entry-9th-Draw.jpg,,,,,,,,,,,,,,,,,,,,,,,,,,,,,,,,,,,,,,,,,,,,,,,,,,,,,,,,,,,,,,,,,,,,,,,,,,,,,,,,,,,,,,,,,,,,,,,,,,,,
http://click-demo.com/immigrationxperts/wp-content/uploads/2017/01/Draw_final.jpg,Draw_final,,,,http://click-demo.com/immigrationxperts/wp-content/uploads/2017/01/Draw_final.jpg,,,,,,,,,,,,,,,,,,,,,,,,,,,,,,,,,,,,,,,,,,,,,,,,,,,,,,,,,,,,,,,,,,,,,,,,,,,,,,,,,,,,,,,,,,,,,,,,,,,,
http://click-demo.com/immigrationxperts/wp-content/uploads/2017/02/44e1e286226e391628d0fb32d3790af9.jpg,,,,,http://click-demo.com/immigrationxperts/wp-content/uploads/2017/02/44e1e286226e391628d0fb32d3790af9.jpg,,,,,,,,,,,,,,,,,,,,,,,,,,,,,,,,,,,,,,,,,,,,,,,,,,,,,,,,,,,,,,,,,,,,,,,,,,,,,,,,,,,,,,,,,,,,,,,,,,,,
http://click-demo.com/immigrationxperts/wp-content/uploads/2017/02/CanadianImmigration4.jpg,,,,,http://click-demo.com/immigrationxperts/wp-content/uploads/2017/02/CanadianImmigration4.jpg,,,,,,,,,,,,,,,,,,,,,,,,,,,,,,,,,,,,,,,,,,,,,,,,,,,,,,,,,,,,,,,,,,,,,,,,,,,,,,,,,,,,,,,,,,,,,,,,,,,,
http://click-demo.com/immigrationxperts/wp-content/uploads/2017/02/55TH-NEWS.jpg,55TH-NEWS,,,,http://click-demo.com/immigrationxperts/wp-content/uploads/2017/02/55TH-NEWS.jpg,,,,,,,,,,,,,,,,,,,,,,,,,,,,,,,,,,,,,,,,,,,,,,,,,,,,,,,,,,,,,,,,,,,,,,,,,,,,,,,,,,,,,,,,,,,,,,,,,,,,
http://click-demo.com/immigrationxperts/wp-content/uploads/2017/03/canada_people_icon.png,canada_people_icon,,,,http://click-demo.com/immigrationxperts/wp-content/uploads/2017/03/canada_people_icon.png,,,,,,,,,,,,,,,,,,,,,,,,,,,,,,,,,,,,,,,,,,,,,,,,,,,,,,,,,,,,,,,,,,,,,,,,,,,,,,,,,,,,,,,,,,,,,,,,,,,,
http://click-demo.com/immigrationxperts/wp-content/uploads/2017/04/Permanent-Resident-Card-Holder.jpg|http://click-demo.com/immigrationxperts/wp-content/uploads/2017/04/permanent.png,Permanent-Resident-Card-Holder|,|,|,|,http://click-demo.com/immigrationxperts/wp-content/uploads/2017/04/Permanent-Resident-Card-Holder.jpg,,,,,,,,,,,,,,,,,,,,,,,,,,,,,,,,,,,,,,,,,,,,,,,,,,,,,,,,,,,,,,,,,,,,,,,,,,,,,,,,,,,,,,,,,,,,,,,,,,,,
http://click-demo.com/immigrationxperts/wp-content/uploads/2017/04/Students-2.jpg,,,,,http://click-demo.com/immigrationxperts/wp-content/uploads/2017/04/Students-2.jpg,,,,,,,,,,,,,,,,,,,,,,,,,,,,,,,,,,,,,,,,,,,,,,,,,,,,,,,,,,,,,,,,,,,,,,,,,,,,,,,,,,,,,,,,,,,,,,,,,,,,
http://click-demo.com/immigrationxperts/wp-content/uploads/2017/04/3F56CC1800000578-4420256-image-a-9_1492490796928.jpg,,,,,http://click-demo.com/immigrationxperts/wp-content/uploads/2017/04/3F56CC1800000578-4420256-image-a-9_1492490796928.jpg,,,,,,,,,,,,,,,,,,,,,,,,,,,,,,,,,,,,,,,,,,,,,,,,,,,,,,,,,,,,,,,,,,,,,,,,,,,,,,,,,,,,,,,,,,,,,,,,,,,,
http://click-demo.com/immigrationxperts/wp-content/uploads/2017/04/external.jpg,external,,,,http://click-demo.com/immigrationxperts/wp-content/uploads/2017/04/external.jpg,,,,,,,,,,,,,,,,,,,,,,,,,,,,,,,,,,,,,,,,,,,,,,,,,,,,,,,,,,,,,,,,,,,,,,,,,,,,,,,,,,,,,,,,,,,,,,,,,,,,
http://click-demo.com/immigrationxperts/wp-content/uploads/2017/04/letest.jpg,,,,,http://click-demo.com/immigrationxperts/wp-content/uploads/2017/04/letest.jpg,,,,,,,,,,,,,,,,,,,,,,,,,,,,,,,,,,,,,,,,,,,,,,,,,,,,,,,,,,,,,,,,,,,,,,,,,,,,,,,,,,,,,,,,,,,,,,,,,,,,
http://click-demo.com/immigrationxperts/wp-content/uploads/2017/04/ita-19-april.jpg,,,,,http://click-demo.com/immigrationxperts/wp-content/uploads/2017/04/ita-19-april.jpg,,,,,,,,,,,,,,,,,,,,,,,,,,,,,,,,,,,,,,,,,,,,,,,,,,,,,,,,,,,,,,,,,,,,,,,,,,,,,,,,,,,,,,,,,,,,,,,,,,,,
http://click-demo.com/immigrationxperts/wp-content/uploads/2017/04/Last-chance-for-FSW-web1-1024x550.jpg,,,,,http://click-demo.com/immigrationxperts/wp-content/uploads/2017/04/Last-chance-for-FSW-web1-1024x550.jpg,,,,,,,,,,,,,,,,,,,,,,,,,,,,,,,,,,,,,,,,,,,,,,,,,,,,,,,,,,,,,,,,,,,,,,,,,,,,,,,,,,,,,,,,,,,,,,,,,,,,
http://click-demo.com/immigrationxperts/wp-content/uploads/2017/05/not-acceptable.png,not-acceptable,,,,http://click-demo.com/immigrationxperts/wp-content/uploads/2017/05/not-acceptable.png,,,,,,,,,,,,,,,,,,,,,,,,,,,,,,,,,,,,,,,,,,,,,,,,,,,,,,,,,,,,,,,,,,,,,,,,,,,,,,,,,,,,,,,,,,,,,,,,,,,,
http://click-demo.com/immigrationxperts/wp-content/uploads/2017/05/Pic.jpg,Pic,,,,http://click-demo.com/immigrationxperts/wp-content/uploads/2017/05/Pic.jpg,,,,,,,,,,,,,,,,,,,,,,,,,,,,,,,,,,,,,,,,,,,,,,,,,,,,,,,,,,,,,,,,,,,,,,,,,,,,,,,,,,,,,,,,,,,,,,,,,,,,
http://click-demo.com/immigrationxperts/wp-content/uploads/2017/05/Canada_PNP.jpg,Canada_PNP,,,,http://click-demo.com/immigrationxperts/wp-content/uploads/2017/05/Canada_PNP.jpg,,,,,,,,,,,,,,,,,,,,,,,,,,,,,,,,,,,,,,,,,,,,,,,,,,,,,,,,,,,,,,,,,,,,,,,,,,,,,,,,,,,,,,,,,,,,,,,,,,,,
http://click-demo.com/immigrationxperts/wp-content/uploads/2017/05/ce742d950ca63a98d59ecec5eba0da2e_XL.jpg,,,,,http://click-demo.com/immigrationxperts/wp-content/uploads/2017/05/ce742d950ca63a98d59ecec5eba0da2e_XL.jpg,,,,,,,,,,,,,,,,,,,,,,,,,,,,,,,,,,,,,,,,,,,,,,,,,,,,,,,,,,,,,,,,,,,,,,,,,,,,,,,,,,,,,,,,,,,,,,,,,,,,
http://click-demo.com/immigrationxperts/wp-content/uploads/2017/05/Occupation.jpg,Occupation,,,,http://click-demo.com/immigrationxperts/wp-content/uploads/2017/05/Occupation.jpg,,,,,,,,,,,,,,,,,,,,,,,,,,,,,,,,,,,,,,,,,,,,,,,,,,,,,,,,,,,,,,,,,,,,,,,,,,,,,,,,,,,,,,,,,,,,,,,,,,,,
http://click-demo.com/immigrationxperts/wp-content/uploads/2017/05/Australia_Changes_ImmigrationXperts.jpg,Australia_Changes_ImmigrationXperts,,,,http://click-demo.com/immigrationxperts/wp-content/uploads/2017/05/Australia_Changes_ImmigrationXperts.jpg,,,,,,,,,,,,,,,,,,,,,,,,,,,,,,,,,,,,,,,,,,,,,,,,,,,,,,,,,,,,,,,,,,,,,,,,,,,,,,,,,,,,,,,,,,,,,,,,,,,,
http://click-demo.com/immigrationxperts/wp-content/uploads/2017/05/gavel.png,,,,,http://click-demo.com/immigrationxperts/wp-content/uploads/2017/05/gavel.png,,,,,,,,,,,,,,,,,,,,,,,,,,,,,,,,,,,,,,,,,,,,,,,,,,,,,,,,,,,,,,,,,,,,,,,,,,,,,,,,,,,,,,,,,,,,,,,,,,,,
http://click-demo.com/immigrationxperts/wp-content/uploads/2017/06/ITA.jpg,ITA,,,,http://click-demo.com/immigrationxperts/wp-content/uploads/2017/06/ITA.jpg,,,,,,,,,,,,,,,,,,,,,,,,,,,,,,,,,,,,,,,,,,,,,,,,,,,,,,,,,,,,,,,,,,,,,,,,,,,,,,,,,,,,,,,,,,,,,,,,,,,,
http://click-demo.com/immigrationxperts/wp-content/uploads/2017/06/PFC-Logo-White.jpg,PFC-Logo-White,,,,http://click-demo.com/immigrationxperts/wp-content/uploads/2017/06/PFC-Logo-White.jpg,,,,,,,,,,,,,,,,,,,,,,,,,,,,,,,,,,,,,,,,,,,,,,,,,,,,,,,,,,,,,,,,,,,,,,,,,,,,,,,,,,,,,,,,,,,,,,,,,,,,
http://click-demo.com/immigrationxperts/wp-content/uploads/2017/06/citizenship-ceremony.jpg.size_.xxlarge.letterbox.jpg,citizenship-ceremony.jpg.size.xxlarge.letterbox,,,,http://click-demo.com/immigrationxperts/wp-content/uploads/2017/06/citizenship-ceremony.jpg.size_.xxlarge.letterbox.jpg,,,,,,,,,,,,,,,,,,,,,,,,,,,,,,,,,,,,,,,,,,,,,,,,,,,,,,,,,,,,,,,,,,,,,,,,,,,,,,,,,,,,,,,,,,,,,,,,,,,,
http://click-demo.com/immigrationxperts/wp-content/uploads/2017/06/main-qimg-78f10a429926808a8cf8bf3ddb102afd-c.jpg,,,,,http://click-demo.com/immigrationxperts/wp-content/uploads/2017/06/main-qimg-78f10a429926808a8cf8bf3ddb102afd-c.jpg,,,,,,,,,,,,,,,,,,,,,,,,,,,,,,,,,,,,,,,,,,,,,,,,,,,,,,,,,,,,,,,,,,,,,,,,,,,,,,,,,,,,,,,,,,,,,,,,,,,,
http://click-demo.com/immigrationxperts/wp-content/uploads/2017/06/Canda-Express-entry-42nd-draw.jpg,,,,,http://click-demo.com/immigrationxperts/wp-content/uploads/2017/06/Canda-Express-entry-42nd-draw.jpg,,,,,,,,,,,,,,,,,,,,,,,,,,,,,,,,,,,,,,,,,,,,,,,,,,,,,,,,,,,,,,,,,,,,,,,,,,,,,,,,,,,,,,,,,,,,,,,,,,,,
http://click-demo.com/immigrationxperts/wp-content/uploads/2017/06/ca2261645da811f59adac90a6769df36.jpg,,,,,http://click-demo.com/immigrationxperts/wp-content/uploads/2017/06/ca2261645da811f59adac90a6769df36.jpg,,,,,,,,,,,,,,,,,,,,,,,,,,,,,,,,,,,,,,,,,,,,,,,,,,,,,,,,,,,,,,,,,,,,,,,,,,,,,,,,,,,,,,,,,,,,,,,,,,,,
http://click-demo.com/immigrationxperts/wp-content/uploads/2017/06/VFS-Australia.jpg,"VFS Australia",,,,http://click-demo.com/immigrationxperts/wp-content/uploads/2017/06/VFS-Australia.jpg,,,,,,,,,,,,,,,,,,,,,,,,,,,,,,,,,,,,,,,,,,,,,,,,,,,,,,,,,,,,,,,,,,,,,,,,,,,,,,,,,,,,,,,,,,,,,,,,,,,,
http://click-demo.com/immigrationxperts/wp-content/uploads/2017/07/1619-HQ.jpg,,,,,http://click-demo.com/immigrationxperts/wp-content/uploads/2017/07/1619-HQ.jpg,,,,,,,,,,,,,,,,,,,,,,,,,,,,,,,,,,,,,,,,,,,,,,,,,,,,,,,,,,,,,,,,,,,,,,,,,,,,,,,,,,,,,,,,,,,,,,,,,,,,
http://click-demo.com/immigrationxperts/wp-content/uploads/2017/07/download.png,,,,,http://click-demo.com/immigrationxperts/wp-content/uploads/2017/07/download.png,,,,,,,,,,,,,,,,,,,,,,,,,,,,,,,,,,,,,,,,,,,,,,,,,,,,,,,,,,,,,,,,,,,,,,,,,,,,,,,,,,,,,,,,,,,,,,,,,,,,
http://click-demo.com/immigrationxperts/wp-content/uploads/2017/07/2017_06_16-BillC6-e1497639089557.jpg,,,,,http://click-demo.com/immigrationxperts/wp-content/uploads/2017/07/2017_06_16-BillC6-e1497639089557.jpg,,,,,,,,,,,,,,,,,,,,,,,,,,,,,,,,,,,,,,,,,,,,,,,,,,,,,,,,,,,,,,,,,,,,,,,,,,,,,,,,,,,,,,,,,,,,,,,,,,,,
http://click-demo.com/immigrationxperts/wp-content/uploads/2017/07/Expert-Help.jpg,,,,,http://click-demo.com/immigrationxperts/wp-content/uploads/2017/07/Expert-Help.jpg,,,,,,,,,,,,,,,,,,,,,,,,,,,,,,,,,,,,,,,,,,,,,,,,,,,,,,,,,,,,,,,,,,,,,,,,,,,,,,,,,,,,,,,,,,,,,,,,,,,,
http://click-demo.com/immigrationxperts/wp-content/uploads/2017/07/maxresdefault.jpg,,,,,http://click-demo.com/immigrationxperts/wp-content/uploads/2017/07/maxresdefault.jpg,,,,,,,,,,,,,,,,,,,,,,,,,,,,,,,,,,,,,,,,,,,,,,,,,,,,,,,,,,,,,,,,,,,,,,,,,,,,,,,,,,,,,,,,,,,,,,,,,,,,
http://click-demo.com/immigrationxperts/wp-content/uploads/2017/07/1500011355523.jpg,,,,,http://click-demo.com/immigrationxperts/wp-content/uploads/2017/07/1500011355523.jpg,,,,,,,,,,,,,,,,,,,,,,,,,,,,,,,,,,,,,,,,,,,,,,,,,,,,,,,,,,,,,,,,,,,,,,,,,,,,,,,,,,,,,,,,,,,,,,,,,,,,
http://click-demo.com/immigrationxperts/wp-content/uploads/2017/07/8-australia-second-only-to-new-zealand-as-the-best-country-in-the-world-to-retire-to-australia-was-also-named-one-of-the-best-countries-to-headquarter-a-corporation-in.jpg,,,,,http://click-demo.com/immigrationxperts/wp-content/uploads/2017/07/8-australia-second-only-to-new-zealand-as-the-best-country-in-the-world-to-retire-to-australia-was-also-named-one-of-the-best-countries-to-headquarter-a-corporation-in.jpg,,,,,,,,,,,,,,,,,,,,,,,,,,,,,,,,,,,,,,,,,,,,,,,,,,,,,,,,,,,,,,,,,,,,,,,,,,,,,,,,,,,,,,,,,,,,,,,,,,,,
http://click-demo.com/immigrationxperts/wp-content/uploads/2017/07/gettyimages-489056599.jpg,,,,,http://click-demo.com/immigrationxperts/wp-content/uploads/2017/07/gettyimages-489056599.jpg,,,,,,,,,,,,,,,,,,,,,,,,,,,,,,,,,,,,,,,,,,,,,,,,,,,,,,,,,,,,,,,,,,,,,,,,,,,,,,,,,,,,,,,,,,,,,,,,,,,,
http://click-demo.com/immigrationxperts/wp-content/uploads/2017/07/f795500b1cfafd0fc13e0a0ee6538e02.jpg,,,,,http://click-demo.com/immigrationxperts/wp-content/uploads/2017/07/f795500b1cfafd0fc13e0a0ee6538e02.jpg,,,,,,,,,,,,,,,,,,,,,,,,,,,,,,,,,,,,,,,,,,,,,,,,,,,,,,,,,,,,,,,,,,,,,,,,,,,,,,,,,,,,,,,,,,,,,,,,,,,,
http://click-demo.com/immigrationxperts/wp-content/uploads/2017/07/vetassess-Fees-Revised-page.jpg,vetassess-Fees-Revised-page,,,,http://click-demo.com/immigrationxperts/wp-content/uploads/2017/07/vetassess-Fees-Revised-page.jpg,,,,,,,,,,,,,,,,,,,,,,,,,,,,,,,,,,,,,,,,,,,,,,,,,,,,,,,,,,,,,,,,,,,,,,,,,,,,,,,,,,,,,,,,,,,,,,,,,,,,
http://click-demo.com/immigrationxperts/wp-content/uploads/2017/08/bef69bac-1561-483d-b2fe-4e628e39ae2c_1501553068.jpeg,bef69bac-1561-483d-b2fe-4e628e39ae2c_1501553068,,,,http://click-demo.com/immigrationxperts/wp-content/uploads/2017/08/bef69bac-1561-483d-b2fe-4e628e39ae2c_1501553068.jpeg,,,,,,,,,,,,,,,,,,,,,,,,,,,,,,,,,,,,,,,,,,,,,,,,,,,,,,,,,,,,,,,,,,,,,,,,,,,,,,,,,,,,,,,,,,,,,,,,,,,,
http://click-demo.com/immigrationxperts/wp-content/uploads/2017/09/download.png,download,,,,http://click-demo.com/immigrationxperts/wp-content/uploads/2017/09/download.png,,,,,,,,,,,,,,,,,,,,,,,,,,,,,,,,,,,,,,,,,,,,,,,,,,,,,,,,,,,,,,,,,,,,,,,,,,,,,,,,,,,,,,,,,,,,,,,,,,,,
http://click-demo.com/immigrationxperts/wp-content/uploads/2017/09/imgpsh_fullsize.jpg|http://click-demo.com/immigrationxperts/wp-content/uploads/2017/09/alex-leblanc.jpg|http://click-demo.com/immigrationxperts/wp-content/uploads/2017/09/Maine-Street-To-Fort-Andross-night.jpg,||,||,||,||,http://click-demo.com/immigrationxperts/wp-content/uploads/2017/09/imgpsh_fullsize.jpg,,,,,,,,,,,,,,,,,,,,,,,,,,,,,,,,,,,,,,,,,,,,,,,,,,,,,,,,,,,,,,,,,,,,,,,,,,,,,,,,,,,,,,,,,,,,,,,,,,,,
http://click-demo.com/immigrationxperts/wp-content/uploads/2017/09/CRS_433.png,CRS_433,,,,http://click-demo.com/immigrationxperts/wp-content/uploads/2017/09/CRS_433.png,,,,,,,,,,,,,,,,,,,,,,,,,,,,,,,,,,,,,,,,,,,,,,,,,,,,,,,,,,,,,,,,,,,,,,,,,,,,,,,,,,,,,,,,,,,,,,,,,,,,
http://click-demo.com/immigrationxperts/wp-content/uploads/2017/10/immmigration_canada.jpg.size-custom-crop.1086x0.jpg,,,,,http://click-demo.com/immigrationxperts/wp-content/uploads/2017/10/immmigration_canada.jpg.size-custom-crop.1086x0.jpg,,,,,,,,,,,,,,,,,,,,,,,,,,,,,,,,,,,,,,,,,,,,,,,,,,,,,,,,,,,,,,,,,,,,,,,,,,,,,,,,,,,,,,,,,,,,,,,,,,,,
http://click-demo.com/immigrationxperts/wp-content/uploads/2017/10/438.png,438,,,,http://click-demo.com/immigrationxperts/wp-content/uploads/2017/10/438.png,,,,,,,,,,,,,,,,,,,,,,,,,,,,,,,,,,,,,,,,,,,,,,,,,,,,,,,,,,,,,,,,,,,,,,,,,,,,,,,,,,,,,,,,,,,,,,,,,,,,
http://click-demo.com/immigrationxperts/wp-content/uploads/2017/10/108-01-2-2004-0302-409x255.jpg,,,,,http://click-demo.com/immigrationxperts/wp-content/uploads/2017/10/108-01-2-2004-0302-409x255.jpg,,,,,,,,,,,,,,,,,,,,,,,,,,,,,,,,,,,,,,,,,,,,,,,,,,,,,,,,,,,,,,,,,,,,,,,,,,,,,,,,,,,,,,,,,,,,,,,,,,,,
http://click-demo.com/immigrationxperts/wp-content/uploads/2017/10/Canada.jpg|http://click-demo.com/immigrationxperts/wp-content/uploads/2017/10/Canada-To-Welcome-Continued-Record-Immi...n-Services-and-Free-Online-Evaluation-page-001.jpg,"Canada|Canada To Welcome Continued Record Immi...n Services and Free Online Evaluation-page-001",|,|,|,http://click-demo.com/immigrationxperts/wp-content/uploads/2017/10/Canada.jpg,,,,,,,,,,,,,,,,,,,,,,,,,,,,,,,,,,,,,,,,,,,,,,,,,,,,,,,,,,,,,,,,,,,,,,,,,,,,,,,,,,,,,,,,,,,,,,,,,,,,
http://click-demo.com/immigrationxperts/wp-content/uploads/2017/10/436.png,436,,,,http://click-demo.com/immigrationxperts/wp-content/uploads/2017/10/436.png,,,,,,,,,,,,,,,,,,,,,,,,,,,,,,,,,,,,,,,,,,,,,,,,,,,,,,,,,,,,,,,,,,,,,,,,,,,,,,,,,,,,,,,,,,,,,,,,,,,,
http://click-demo.com/immigrationxperts/wp-content/uploads/2017/11/hussen.png,,,,,http://click-demo.com/immigrationxperts/wp-content/uploads/2017/11/hussen.png,,,,,,,,,,,,,,,,,,,,,,,,,,,,,,,,,,,,,,,,,,,,,,,,,,,,,,,,,,,,,,,,,,,,,,,,,,,,,,,,,,,,,,,,,,,,,,,,,,,,
http://click-demo.com/immigrationxperts/wp-content/uploads/2017/11/saskatoon-saskatchewan-job-boom-full.jpg,saskatoon-saskatchewan-job-boom-full,,,,http://click-demo.com/immigrationxperts/wp-content/uploads/2017/11/saskatoon-saskatchewan-job-boom-full.jpg,,,,,,,,,,,,,,,,,,,,,,,,,,,,,,,,,,,,,,,,,,,,,,,,,,,,,,,,,,,,,,,,,,,,,,,,,,,,,,,,,,,,,,,,,,,,,,,,,,,,
http://click-demo.com/immigrationxperts/wp-content/uploads/2017/11/ITAsissuedin2017_Nov15-1024x501.png,,,,,http://click-demo.com/immigrationxperts/wp-content/uploads/2017/11/ITAsissuedin2017_Nov15-1024x501.png,,,,,,,,,,,,,,,,,,,,,,,,,,,,,,,,,,,,,,,,,,,,,,,,,,,,,,,,,,,,,,,,,,,,,,,,,,,,,,,,,,,,,,,,,,,,,,,,,,,,
http://click-demo.com/immigrationxperts/wp-content/uploads/2017/11/2017126-toronto-real-estate-1.jpg-resize_then_crop-_frame_bg_color_FFF-h_1365-gravity_center-q_70-preserve_ratio_true-w_2048_-1.jpg|http://click-demo.com/immigrationxperts/wp-content/uploads/2017/11/2017126-toronto-real-estate.jpg-resize_then_crop-_frame_bg_color_FFF-h_1365-gravity_center-q_70-preserve_ratio_true-w_2048_.jpg,2017126-toronto-real-estate.jpg-resize_then_crop-_frame_bg_color_FFF-h_1365-gravity_center-q_70-preserve_ratio_true-w_2048_|2017126-toronto-real-estate.jpg-resize_then_crop-_frame_bg_color_FFF-h_1365-gravity_center-q_70-preserve_ratio_true-w_2048_,|,|,|,http://click-demo.com/immigrationxperts/wp-content/uploads/2017/11/2017126-toronto-real-estate-1.jpg-resize_then_crop-_frame_bg_color_FFF-h_1365-gravity_center-q_70-preserve_ratio_true-w_2048_-1.jpg,,,,,,,,,,,,,,,,,,,,,,,,,,,,,,,,,,,,,,,,,,,,,,,,,,,,,,,,,,,,,,,,,,,,,,,,,,,,,,,,,,,,,,,,,,,,,,,,,,,,
http://click-demo.com/immigrationxperts/wp-content/uploads/2017/11/Optimized-iStock-494440102-1.jpg,,,,,http://click-demo.com/immigrationxperts/wp-content/uploads/2017/11/Optimized-iStock-494440102-1.jpg,,,,,,,,,,,,,,,,,,,,,,,,,,,,,,,,,,,,,,,,,,,,,,,,,,,,,,,,,,,,,,,,,,,,,,,,,,,,,,,,,,,,,,,,,,,,,,,,,,,,
,,,,,,,,,,,,,,,,,,,,,,,,,,,,,,,,,,,,,,,,,,,,,,,,,,,,,,,,,,,,,,,,,,,,,,,,,,,,,,,,,,,,,,,,,,,,,,,,,,,,,,,,,
http://click-demo.com/immigrationxperts/wp-content/uploads/2017/12/07394b1a-30e8-4309-b895-8570060bea4b_1479969199.jpeg,,,,,http://click-demo.com/immigrationxperts/wp-content/uploads/2017/12/07394b1a-30e8-4309-b895-8570060bea4b_1479969199.jpeg,,,,,,,,,,,,,,,,,,,,,,,,,,,,,,,,,,,,,,,,,,,,,,,,,,,,,,,,,,,,,,,,,,,,,,,,,,,,,,,,,,,,,,,,,,,,,,,,,,,,
http://click-demo.com/immigrationxperts/wp-content/uploads/2018/01/business-competitive-advantage1.jpg,business-competitive-advantage1,,,,http://click-demo.com/immigrationxperts/wp-content/uploads/2018/01/business-competitive-advantage1.jpg,,,,,,,,,,,,,,,,,,,,,,,,,,,,,,,,,,,,,,,,,,,,,,,,,,,,,,,,,,,,,,,,,,,,,,,,,,,,,,,,,,,,,,,,,,,,,,,,,,,,
http://click-demo.com/immigrationxperts/wp-content/uploads/2018/02/Canada-New-Brunswick-Provincial-Nominee-Program-NBPNP.jpg,Canada-New-Brunswick-Provincial-Nominee-Program-NBPNP,,,,http://click-demo.com/immigrationxperts/wp-content/uploads/2018/02/Canada-New-Brunswick-Provincial-Nominee-Program-NBPNP.jpg,,,,,,,,,,,,,,,,,,,,,,,,,,,,,,,,,,,,,,,,,,,,,,,,,,,,,,,,,,,,,,,,,,,,,,,,,,,,,,,,,,,,,,,,,,,,,,,,,,,,
http://click-demo.com/immigrationxperts/wp-content/uploads/2018/02/POF-Canada-612x381.jpg,POF-Canada,,,,http://click-demo.com/immigrationxperts/wp-content/uploads/2018/02/POF-Canada-612x381.jpg,,,,,,,,,,,,,,,,,,,,,,,,,,,,,,,,,,,,,,,,,,,,,,,,,,,,,,,,,,,,,,,,,,,,,,,,,,,,,,,,,,,,,,,,,,,,,,,,,,,,
http://click-demo.com/immigrationxperts/wp-content/uploads/2018/02/IMMI_Australia-Map-for-web.png,"IMMI_Australia Map for web",,,,http://click-demo.com/immigrationxperts/wp-content/uploads/2018/02/IMMI_Australia-Map-for-web.png,,,,,,,,,,,,,,,,,,,,,,,,,,,,,,,,,,,,,,,,,,,,,,,,,,,,,,,,,,,,,,,,,,,,,,,,,,,,,,,,,,,,,,,,,,,,,,,,,,,,
http://click-demo.com/immigrationxperts/wp-content/uploads/2018/02/1297894034029_ORIGINAL.jpg,,,,,http://click-demo.com/immigrationxperts/wp-content/uploads/2018/02/1297894034029_ORIGINAL.jpg,,,,,,,,,,,,,,,,,,,,,,,,,,,,,,,,,,,,,,,,,,,,,,,,,,,,,,,,,,,,,,,,,,,,,,,,,,,,,,,,,,,,,,,,,,,,,,,,,,,,
http://click-demo.com/immigrationxperts/wp-content/uploads/2018/03/manitoba-pnp.png,manitoba-pnp,,,,http://click-demo.com/immigrationxperts/wp-content/uploads/2018/03/manitoba-pnp.png,,,,,,,,,,,,,,,,,,,,,,,,,,,,,,,,,,,,,,,,,,,,,,,,,,,,,,,,,,,,,,,,,,,,,,,,,,,,,,,,,,,,,,,,,,,,,,,,,,,,
http://click-demo.com/immigrationxperts/wp-content/uploads/2018/03/800px-Newfoundland_and_Labrador_in_Canada.svg.png,800px-Newfoundland_and_Labrador_in_Canada.svg,,,,http://click-demo.com/immigrationxperts/wp-content/uploads/2018/03/800px-Newfoundland_and_Labrador_in_Canada.svg.png,,,,,,,,,,,,,,,,,,,,,,,,,,,,,,,,,,,,,,,,,,,,,,,,,,,,,,,,,,,,,,,,,,,,,,,,,,,,,,,,,,,,,,,,,,,,,,,,,,,,
http://click-demo.com/immigrationxperts/wp-content/uploads/2018/04/Ontario-PNP-Program-2018.gif,Ontario-PNP-Program-2018,,,,http://click-demo.com/immigrationxperts/wp-content/uploads/2018/04/Ontario-PNP-Program-2018.gif,,,,,,,,,,,,,,,,,,,,,,,,,,,,,,,,,,,,,,,,,,,,,,,,,,,,,,,,,,,,,,,,,,,,,,,,,,,,,,,,,,,,,,,,,,,,,,,,,,,,
http://click-demo.com/immigrationxperts/wp-content/uploads/2018/04/1-2.png,,,,"Express Entry Canada",http://click-demo.com/immigrationxperts/wp-content/uploads/2018/04/1-2.png,,,,,,,,,,,,,,,,,,,,,,,,,,,,,,,,,,,,,,,,,,,,,,,,,,,,,,,,,,,,,,,,,,,,,,,,,,,,,,,,,,,,,,,,,,,,,,,,,,,,
http://click-demo.com/immigrationxperts/wp-content/uploads/2018/04/image.jpg,,,,,http://click-demo.com/immigrationxperts/wp-content/uploads/2018/04/image.jpg,,,,,,,,,,,,,,,,,,,,,,,,,,,,,,,,,,,,,,,,,,,,,,,,,,,,,,,,,,,,,,,,,,,,,,,,,,,,,,,,,,,,,,,,,,,,,,,,,,,,
http://click-demo.com/immigrationxperts/wp-content/uploads/2018/05/200f0e149f60bd647b63d8ae79615ea7.jpg,200f0e149f60bd647b63d8ae79615ea7,,,,http://click-demo.com/immigrationxperts/wp-content/uploads/2018/05/200f0e149f60bd647b63d8ae79615ea7.jpg,,,,,,,,,,,,,,,,,,,,,,,,,,,,,,,,,,,,,,,,,,,,,,,,,,,,,,,,,,,,,,,,,,,,,,,,,,,,,,,,,,,,,,,,,,,,,,,,,,,,
http://click-demo.com/immigrationxperts/wp-content/uploads/2018/05/1LPGkrADTkDF6F_QH2f-5Nm7CJx0HMKvgLNwtO7Kr-c.jpg,1LPGkrADTkDF6F_QH2f-5Nm7CJx0HMKvgLNwtO7Kr-c,,,,http://click-demo.com/immigrationxperts/wp-content/uploads/2018/05/1LPGkrADTkDF6F_QH2f-5Nm7CJx0HMKvgLNwtO7Kr-c.jpg,,,,,,,,,,,,,,,,,,,,,,,,,,,,,,,,,,,,,,,,,,,,,,,,,,,,,,,,,,,,,,,,,,,,,,,,,,,,,,,,,,,,,,,,,,,,,,,,,,,,
http://click-demo.com/immigrationxperts/wp-content/uploads/2018/05/images.png,images,,,,http://click-demo.com/immigrationxperts/wp-content/uploads/2018/05/images.png,,,,,,,,,,,,,,,,,,,,,,,,,,,,,,,,,,,,,,,,,,,,,,,,,,,,,,,,,,,,,,,,,,,,,,,,,,,,,,,,,,,,,,,,,,,,,,,,,,,,
http://click-demo.com/immigrationxperts/wp-content/uploads/2018/05/South-Australia_ImmigrationXperts.jpg,South-Australia_ImmigrationXperts,,,,http://click-demo.com/immigrationxperts/wp-content/uploads/2018/05/South-Australia_ImmigrationXperts.jpg,,,,,,,,,,,,,,,,,,,,,,,,,,,,,,,,,,,,,,,,,,,,,,,,,,,,,,,,,,,,,,,,,,,,,,,,,,,,,,,,,,,,,,,,,,,,,,,,,,,,
http://click-demo.com/immigrationxperts/wp-content/uploads/2018/05/update.jpg,update,,,,http://click-demo.com/immigrationxperts/wp-content/uploads/2018/05/update.jpg,,,,,,,,,,,,,,,,,,,,,,,,,,,,,,,,,,,,,,,,,,,,,,,,,,,,,,,,,,,,,,,,,,,,,,,,,,,,,,,,,,,,,,,,,,,,,,,,,,,,
http://click-demo.com/immigrationxperts/wp-content/uploads/2018/07/Screenshot_1.jpg,Screenshot_1,,,,http://click-demo.com/immigrationxperts/wp-content/uploads/2018/07/Screenshot_1.jpg,,,,,,,,,,,,,,,,,,,,,,,,,,,,,,,,,,,,,,,,,,,,,,,,,,,,,,,,,,,,,,,,,,,,,,,,,,,,,,,,,,,,,,,,,,,,,,,,,,,,
http://click-demo.com/immigrationxperts/wp-content/uploads/2018/07/indian_family1.jpg,indian_family1,,,,http://click-demo.com/immigrationxperts/wp-content/uploads/2018/07/indian_family1.jpg,,,,,,,,,,,,,,,,,,,,,,,,,,,,,,,,,,,,,,,,,,,,,,,,,,,,,,,,,,,,,,,,,,,,,,,,,,,,,,,,,,,,,,,,,,,,,,,,,,,,
http://click-demo.com/immigrationxperts/wp-content/uploads/2018/07/Aus.jpg,Aus,,,,http://click-demo.com/immigrationxperts/wp-content/uploads/2018/07/Aus.jpg,,,,,,,,,,,,,,,,,,,,,,,,,,,,,,,,,,,,,,,,,,,,,,,,,,,,,,,,,,,,,,,,,,,,,,,,,,,,,,,,,,,,,,,,,,,,,,,,,,,,
http://click-demo.com/immigrationxperts/wp-content/uploads/2018/07/JObs.jpg,JObs,,,,http://click-demo.com/immigrationxperts/wp-content/uploads/2018/07/JObs.jpg,,,,,,,,,,,,,,,,,,,,,,,,,,,,,,,,,,,,,,,,,,,,,,,,,,,,,,,,,,,,,,,,,,,,,,,,,,,,,,,,,,,,,,,,,,,,,,,,,,,,
http://click-demo.com/immigrationxperts/wp-content/uploads/2018/07/Valet.jpg,Valet,,,,http://click-demo.com/immigrationxperts/wp-content/uploads/2018/07/Valet.jpg,,,,,,,,,,,,,,,,,,,,,,,,,,,,,,,,,,,,,,,,,,,,,,,,,,,,,,,,,,,,,,,,,,,,,,,,,,,,,,,,,,,,,,,,,,,,,,,,,,,,
http://click-demo.com/immigrationxperts/wp-content/uploads/2018/07/qqqq.jpg,qqqq,,,,http://click-demo.com/immigrationxperts/wp-content/uploads/2018/07/qqqq.jpg,,,,,,,,,,,,,,,,,,,,,,,,,,,,,,,,,,,,,,,,,,,,,,,,,,,,,,,,,,,,,,,,,,,,,,,,,,,,,,,,,,,,,,,,,,,,,,,,,,,,
http://click-demo.com/immigrationxperts/wp-content/uploads/2018/07/Screenshot_1-1.jpg,Screenshot_1,,,,http://click-demo.com/immigrationxperts/wp-content/uploads/2018/07/Screenshot_1-1.jpg,,,,,,,,,,,,,,,,,,,,,,,,,,,,,,,,,,,,,,,,,,,,,,,,,,,,,,,,,,,,,,,,,,,,,,,,,,,,,,,,,,,,,,,,,,,,,,,,,,,,
http://click-demo.com/immigrationxperts/wp-content/uploads/2018/07/CAnada-EE.png|http://click-demo.com/immigrationxperts/wp-content/uploads/2018/07/canada-ee.jpg,"Canada Express entry draw|canada express entry",|,|,"canada express entry|",http://click-demo.com/immigrationxperts/wp-content/uploads/2018/07/CAnada-EE.png,,,,,,,,,,,,,,,,,,,,,,,,,,,,,,,,,,,,,,,,,,,,,,,,,,,,,,,,,,,,,,,,,,,,,,,,,,,,,,,,,,,,,,,,,,,,,,,,,,,,
http://click-demo.com/immigrationxperts/wp-content/uploads/2018/08/09995f054cf0b549d977d4bb3c6d6a6d.jpg,"Peter Dutton - Australia immigration minister",,,"Peter Dutton - Australia immigration minister",http://click-demo.com/immigrationxperts/wp-content/uploads/2018/08/09995f054cf0b549d977d4bb3c6d6a6d.jpg,,,,,,,,,,,,,,,,,,,,,,,,,,,,,,,,,,,,,,,,,,,,,,,,,,,,,,,,,,,,,,,,,,,,,,,,,,,,,,,,,,,,,,,,,,,,,,,,,,,,
http://click-demo.com/immigrationxperts/wp-content/uploads/2018/08/Citizenship-Minister.jpg,"Citizenship Minister",,,,http://click-demo.com/immigrationxperts/wp-content/uploads/2018/08/Citizenship-Minister.jpg,,,,,,,,,,,,,,,,,,,,,,,,,,,,,,,,,,,,,,,,,,,,,,,,,,,,,,,,,,,,,,,,,,,,,,,,,,,,,,,,,,,,,,,,,,,,,,,,,,,,
http://click-demo.com/immigrationxperts/wp-content/uploads/2018/08/maxresdefault-1-1.jpg,"maxresdefault (1)",,,,http://click-demo.com/immigrationxperts/wp-content/uploads/2018/08/maxresdefault-1-1.jpg,,,,,,,,,,,,,,,,,,,,,,,,,,,,,,,,,,,,,,,,,,,,,,,,,,,,,,,,,,,,,,,,,,,,,,,,,,,,,,,,,,,,,,,,,,,,,,,,,,,,
http://click-demo.com/immigrationxperts/wp-content/uploads/2018/09/New-visa-could-keep-migrants-in-regional-Australia.jpg,"New visa could keep migrants in regional Australia",,,,http://click-demo.com/immigrationxperts/wp-content/uploads/2018/09/New-visa-could-keep-migrants-in-regional-Australia.jpg,,,,,,,,,,,,,,,,,,,,,,,,,,,,,,,,,,,,,,,,,,,,,,,,,,,,,,,,,,,,,,,,,,,,,,,,,,,,,,,,,,,,,,,,,,,,,,,,,,,,
http://click-demo.com/immigrationxperts/wp-content/uploads/2018/09/partner-visa-1.jpg,partner-visa,,,,http://click-demo.com/immigrationxperts/wp-content/uploads/2018/09/partner-visa-1.jpg,,,,,,,,,,,,,,,,,,,,,,,,,,,,,,,,,,,,,,,,,,,,,,,,,,,,,,,,,,,,,,,,,,,,,,,,,,,,,,,,,,,,,,,,,,,,,,,,,,,,
http://click-demo.com/immigrationxperts/wp-content/uploads/2018/09/youth_mobility_1-e1535791962927.jpg,youth_mobility_1,,,,http://click-demo.com/immigrationxperts/wp-content/uploads/2018/09/youth_mobility_1-e1535791962927.jpg,,,,,,,,,,,,,,,,,,,,,,,,,,,,,,,,,,,,,,,,,,,,,,,,,,,,,,,,,,,,,,,,,,,,,,,,,,,,,,,,,,,,,,,,,,,,,,,,,,,,
http://click-demo.com/immigrationxperts/wp-content/uploads/2018/06/ACT-190-changes.jpg,ACT-190-changes,,,,http://click-demo.com/immigrationxperts/wp-content/uploads/2018/06/ACT-190-changes.jpg,,,,,,,,,,,,,,,,,,,,,,,,,,,,,,,,,,,,,,,,,,,,,,,,,,,,,,,,,,,,,,,,,,,,,,,,,,,,,,,,,,,,,,,,,,,,,,,,,,,,
http://click-demo.com/immigrationxperts/wp-content/uploads/2018/09/Australia-Central-West.jpg|http://click-demo.com/immigrationxperts/wp-content/uploads/2018/09/111.jpg,"Australia Central West|111",|,|,|,http://click-demo.com/immigrationxperts/wp-content/uploads/2018/09/Australia-Central-West.jpg,,,,,,,,,,,,,,,,,,,,,,,,,,,,,,,,,,,,,,,,,,,,,,,,,,,,,,,,,,,,,,,,,,,,,,,,,,,,,,,,,,,,,,,,,,,,,,,,,,,,
http://click-demo.com/immigrationxperts/wp-content/uploads/2018/08/09995f054cf0b549d977d4bb3c6d6a6d.jpg,"Peter Dutton - Australia immigration minister",,,"Peter Dutton - Australia immigration minister",http://click-demo.com/immigrationxperts/wp-content/uploads/2018/08/09995f054cf0b549d977d4bb3c6d6a6d.jpg,,,,,,,,,,,,,,,,,,,,,,,,,,,,,,,,,,,,,,,,,,,,,,,,,,,,,,,,,,,,,,,,,,,,,,,,,,,,,,,,,,,,,,,,,,,,,,,,,,,,
http://click-demo.com/immigrationxperts/wp-content/uploads/2018/09/40854058_1905365102880353_2960545739094097920_n.png,"Canada Express Entry Draw",,,"Canada Express Entry Draw",http://click-demo.com/immigrationxperts/wp-content/uploads/2018/09/40854058_1905365102880353_2960545739094097920_n.png,,,,,,,,,,,,,,,,,,,,,,,,,,,,,,,,,,,,,,,,,,,,,,,,,,,,,,,,,,,,,,,,,,,,,,,,,,,,,,,,,,,,,,,,,,,,,,,,,,,,
http://click-demo.com/immigrationxperts/wp-content/uploads/2018/09/b87076f0-44cc-4906-9faf-963631786df8_1535278914.jpeg,"David Colemen",,,"David Colemen",http://click-demo.com/immigrationxperts/wp-content/uploads/2018/09/b87076f0-44cc-4906-9faf-963631786df8_1535278914.jpeg,,,,,,,,,,,,,,,,,,,,,,,,,,,,,,,,,,,,,,,,,,,,,,,,,,,,,,,,,,,,,,,,,,,,,,,,,,,,,,,,,,,,,,,,,,,,,,,,,,,,
